#include "triceratops_gif.h"

extern const uint8_t triceratops_gif_data[] = {
    0x47, 0x49, 0x46, 0x38, 0x39, 0x61, 0xD7, 0x00, 0x6E, 0x00, 0x86, 0x00,
    0x00, 0x00, 0x00, 0x00, 0x54, 0x85, 0xA7, 0x9B, 0xAB, 0xA8, 0x54, 0x85,
    0xA7, 0x5B, 0x91, 0xB6, 0x54, 0x85, 0xA7, 0x3A, 0x60, 0x7E, 0x54, 0x85,
    0xA7, 0x7F, 0x7F, 0x7F, 0x53, 0x84, 0xA7, 0x3C, 0x62, 0x82, 0x54, 0x85,
    0xA8, 0x67, 0x98, 0x99, 0x3F, 0x7F, 0xBF, 0x7B, 0x92, 0x9D, 0x53, 0x84,
    0xA6, 0x39, 0x5E, 0x7D, 0x66, 0x99, 0xCC, 0x00, 0xFF, 0xFF, 0x4B, 0x78,
    0x9A, 0xFF, 0xFF, 0xFF, 0x00, 0x7F, 0x7F, 0x6C, 0x96, 0xAF, 0x53, 0x7E,
    0xA8, 0xA4, 0xB4, 0xAE, 0x3F, 0x7F, 0x7F, 0x55, 0x55, 0xAA, 0x61, 0x9A,
    0xC2, 0x7F, 0x7F, 0xFF, 0x82, 0x9A, 0xA4, 0x55, 0xAA, 0xAA, 0x54, 0x89,
    0xA6, 0x41, 0x6A, 0x8B, 0x9A, 0xAB, 0xAB, 0x00, 0x00, 0xFF, 0x33, 0x66,
    0x99, 0x35, 0x65, 0x6E, 0x33, 0x5A, 0x7B, 0x3B, 0x62, 0x7D, 0x77, 0x93,
    0xAA, 0x33, 0x66, 0xCC, 0x7B, 0x92, 0x9B, 0x3A, 0x60, 0x7E, 0xB5, 0xB8,
    0xB8, 0x3A, 0x5E, 0x7E, 0xA0, 0xAE, 0xA9, 0x4B, 0x91, 0xAF, 0x3C, 0x62,
    0x82, 0x9B, 0xB4, 0xB0, 0x80, 0x95, 0x9E, 0x7B, 0x92, 0x9C, 0xA6, 0xAB,
    0xAB, 0x9B, 0xAC, 0xA9, 0x9C, 0xAC, 0xA8, 0x39, 0x5E, 0x7E, 0xB6, 0xC7,
    0xC2, 0x66, 0x66, 0x99, 0x9C, 0xAB, 0xA9, 0x39, 0x61, 0x7F, 0x3B, 0x3B,
    0x76, 0x4F, 0x95, 0x95, 0x39, 0x5D, 0x7C, 0x56, 0x8A, 0x91, 0x4E, 0x7F,
    0xA2, 0x3B, 0x62, 0x81, 0x3D, 0x65, 0x85, 0x55, 0x7F, 0x7F, 0x79, 0x8B,
    0x98, 0x85, 0x9A, 0xA6, 0x99, 0x99, 0x99, 0x7F, 0xBF, 0xBF, 0x3F, 0x7F,
    0x9F, 0x48, 0x6D, 0x91, 0x9D, 0xAB, 0xA8, 0x7C, 0x92, 0x9D, 0x49, 0x76,
    0x97, 0x53, 0x7F, 0xA3, 0x3A, 0x61, 0x81, 0x3B, 0x5F, 0x80, 0x39, 0x5D,
    0x7D, 0xA5, 0xB6, 0xB2, 0x7F, 0x7F, 0xBF, 0x55, 0x55, 0x55, 0x76, 0x8F,
    0x9B, 0x7F, 0x00, 0x7F, 0xA0, 0xB0, 0xAC, 0x55, 0xAA, 0xFF, 0x74, 0x8F,
    0x9E, 0x64, 0x8A, 0xA6, 0x65, 0x8F, 0xA7, 0x63, 0x8D, 0xA7, 0x7B, 0x90,
    0x9B, 0x7B, 0x92, 0x9D, 0x49, 0x73, 0x94, 0x58, 0x79, 0x9B, 0x7C, 0x95,
    0xA1, 0x78, 0x98, 0xA8, 0x4C, 0x66, 0x7F, 0x6A, 0xA7, 0xD2, 0x33, 0x99,
    0xCC, 0x33, 0x99, 0x99, 0x9E, 0xAB, 0xA7, 0x9D, 0xAB, 0xA8, 0x9F, 0xB0,
    0xAC, 0x99, 0xCC, 0x99, 0x3B, 0x64, 0x84, 0x3A, 0x60, 0x7F, 0x3C, 0x60,
    0x7E, 0xA1, 0xAF, 0xA8, 0x3A, 0x5F, 0x80, 0x38, 0x55, 0x8D, 0xA6, 0xB6,
    0xB1, 0xAC, 0xBB, 0xB4, 0x3B, 0x5F, 0x7F, 0x2A, 0x55, 0x55, 0x5B, 0x91,
    0xB5, 0x00, 0xFF, 0x00, 0x00, 0x00, 0x00, 0x00, 0x00, 0x00, 0x00, 0x00,
    0x00, 0x00, 0x00, 0x00, 0x00, 0x00, 0x00, 0x00, 0x00, 0x00, 0x00, 0x00,
    0x00, 0x00, 0x00, 0x00, 0x00, 0x00, 0x00, 0x00, 0x00, 0x00, 0x00, 0x00,
    0x00, 0x21, 0xFF, 0x0B, 0x4E, 0x45, 0x54, 0x53, 0x43, 0x41, 0x50, 0x45,
    0x32, 0x2E, 0x30, 0x03, 0x01, 0x00, 0x00, 0x00, 0x21, 0xF9, 0x04, 0x09,
    0x04, 0x00, 0x00, 0x00, 0x2C, 0x00, 0x00, 0x00, 0x00, 0xD7, 0x00, 0x6E,
    0x00, 0x00, 0x08, 0xFF, 0x00, 0x01, 0x08, 0x1C, 0x48, 0xB0, 0xA0, 0xC1,
    0x83, 0x08, 0x13, 0x2A, 0x5C, 0xC8, 0xB0, 0xA1, 0xC3, 0x87, 0x10, 0x23,
    0x4A, 0x9C, 0x48, 0xB1, 0xA2, 0xC5, 0x8B, 0x18, 0x33, 0x6A, 0xDC, 0xC8,
    0xB1, 0xA3, 0xC7, 0x8F, 0x20, 0x43, 0x8A, 0x1C, 0x49, 0xB2, 0xA4, 0xC9,
    0x93, 0x28, 0x53, 0xAA, 0x5C, 0xC9, 0xB2, 0xA5, 0xCB, 0x97, 0x30, 0x63,
    0xCA, 0x9C, 0x49, 0xB3, 0xA6, 0xCD, 0x9B, 0x38, 0x73, 0xEA, 0xDC, 0xC9,
    0xB3, 0xA7, 0xCF, 0x9F, 0x40, 0x83, 0x0A, 0x1D, 0x4A, 0xB4, 0xA8, 0xD1,
    0xA3, 0x48, 0x93, 0x2A, 0x5D, 0xCA, 0xB4, 0xA9, 0xD3, 0xA7, 0x50, 0xA3,
    0x4A, 0x9D, 0x4A, 0xD5, 0x20, 0x0E, 0x06, 0x58, 0xAB, 0x6A, 0xDD, 0xCA,
    0xB5, 0xA9, 0x04, 0x00, 0x3E, 0x0E, 0x88, 0x3D, 0x70, 0x01, 0x00, 0x85,
    0xAE, 0x68, 0x35, 0x56, 0x00, 0x1B, 0x80, 0x40, 0x80, 0x00, 0x05, 0x00,
    0x20, 0x48, 0xAB, 0x55, 0x42, 0x04, 0xAC, 0x78, 0xF1, 0x8A, 0x80, 0x78,
    0xF6, 0xC2, 0x81, 0xB7, 0x6F, 0x3F, 0xC8, 0xA5, 0x4B, 0x78, 0xE2, 0xDC,
    0x02, 0x80, 0xDF, 0xC6, 0x9D, 0x5B, 0xD8, 0x29, 0x82, 0x08, 0x2E, 0x22,
    0x14, 0x18, 0x40, 0xB9, 0x72, 0xE5, 0x0B, 0x0C, 0x78, 0x7C, 0x65, 0xE8,
    0x41, 0x72, 0x62, 0xB8, 0x83, 0x1B, 0x47, 0x2D, 0x60, 0xA1, 0x2D, 0x81,
    0xD3, 0xA8, 0xBD, 0x48, 0x74, 0xF1, 0x79, 0xB1, 0xE8, 0xA5, 0x23, 0x24,
    0x57, 0xFE, 0xFB, 0x19, 0x70, 0xE5, 0x02, 0x11, 0x3C, 0x24, 0x44, 0x20,
    0x61, 0xF2, 0x80, 0xD6, 0xA1, 0x5F, 0x2B, 0x7D, 0xB0, 0xA1, 0x6D, 0xED,
    0xDA, 0x16, 0xE2, 0x2A, 0xDC, 0x01, 0x80, 0x89, 0x5B, 0xE0, 0x8C, 0x85,
    0x17, 0x25, 0x13, 0xE1, 0xC1, 0x00, 0xDA, 0xC7, 0x8F, 0x1F, 0x18, 0x50,
    0x00, 0xC1, 0xDA, 0x82, 0x08, 0x44, 0x7C, 0xFF, 0xF8, 0x5D, 0xDB, 0xB5,
    0xF4, 0xA3, 0x09, 0x8A, 0x67, 0x5F, 0xBF, 0xE1, 0x01, 0x00, 0x12, 0x06,
    0x35, 0x00, 0x78, 0xF0, 0x1C, 0xFA, 0xF9, 0xA1, 0x11, 0xAA, 0x27, 0xC0,
    0xBE, 0x3E, 0xFB, 0x81, 0x02, 0x19, 0x7C, 0x37, 0x90, 0x7C, 0x88, 0x1D,
    0x67, 0xDE, 0x7D, 0x42, 0x0D, 0xA0, 0x5E, 0x7F, 0xEC, 0xB9, 0x87, 0x42,
    0x41, 0x04, 0x66, 0x77, 0x20, 0x82, 0x3C, 0x55, 0xE0, 0xC1, 0x03, 0xFB,
    0x31, 0xA8, 0xE1, 0x7F, 0x0D, 0x08, 0x08, 0x40, 0x03, 0x0C, 0x14, 0x58,
    0x5E, 0x70, 0x14, 0xEE, 0xF4, 0xE0, 0x01, 0x0B, 0x6A, 0xB8, 0x9E, 0x05,
    0x09, 0x00, 0xF0, 0x60, 0x41, 0x22, 0xDA, 0x57, 0xE2, 0x4E, 0x15, 0x5C,
    0xF0, 0xC0, 0x02, 0x2A, 0xAA, 0xF8, 0xDF, 0x08, 0x6B, 0x55, 0x80, 0x40,
    0x01, 0x09, 0x90, 0x37, 0x62, 0x74, 0x33, 0xE2, 0x04, 0xDF, 0x01, 0xF5,
    0xE5, 0xB8, 0x62, 0x8B, 0x0F, 0xC2, 0x47, 0xDC, 0x7A, 0x82, 0x11, 0x59,
    0x64, 0x4D, 0x12, 0x08, 0x71, 0xA3, 0x92, 0x3A, 0x16, 0x30, 0x82, 0x06,
    0x3F, 0x0A, 0x79, 0x5C, 0x02, 0x2E, 0x9C, 0x35, 0xE5, 0x4D, 0xBA, 0x2D,
    0x90, 0x24, 0x96, 0xD9, 0xB1, 0x08, 0x80, 0x60, 0x09, 0x94, 0xB6, 0x1E,
    0x01, 0x13, 0x8E, 0x19, 0x93, 0x08, 0x21, 0xE2, 0x88, 0xE6, 0x86, 0x05,
    0x9C, 0x30, 0x9F, 0x86, 0x71, 0xCA, 0xF9, 0x12, 0x07, 0x00, 0x98, 0x79,
    0xA7, 0x86, 0x04, 0x0C, 0x20, 0xD0, 0x03, 0x7C, 0x92, 0xE8, 0xE7, 0x4B,
    0x51, 0x14, 0x60, 0xE7, 0xA0, 0x0C, 0xFE, 0x87, 0x00, 0xA2, 0x0C, 0xF6,
    0xB9, 0xE8, 0x4A, 0x73, 0x3D, 0x0A, 0x69, 0x7F, 0x85, 0xEE, 0xC9, 0x60,
    0x94, 0x97, 0xC2, 0xF4, 0xA3, 0xA6, 0x9B, 0xAE, 0xF7, 0x1F, 0xA5, 0xFD,
    0x3D, 0x70, 0x81, 0x94, 0xA1, 0xAE, 0x44, 0x6A, 0xA9, 0xD9, 0x15, 0xFF,
    0x5A, 0xC0, 0x99, 0xB5, 0xC1, 0x09, 0x00, 0xA0, 0xAD, 0xAE, 0x24, 0x85,
    0xA3, 0xB0, 0xEA, 0x98, 0x80, 0x8A, 0x71, 0x45, 0xC1, 0x01, 0x02, 0x08,
    0x70, 0x20, 0x66, 0xAE, 0x25, 0xF5, 0xAA, 0x6C, 0x62, 0xCA, 0x21, 0x9B,
    0x12, 0x07, 0xBC, 0x2E, 0xAB, 0x6C, 0x77, 0x29, 0x10, 0x91, 0x42, 0xB5,
    0x27, 0x20, 0xE0, 0x01, 0xB1, 0xC7, 0x3A, 0xCB, 0x91, 0xB4, 0xD2, 0xC6,
    0x25, 0x83, 0x00, 0x1D, 0x74, 0x20, 0xC0, 0x16, 0xDE, 0x86, 0xA4, 0x41,
    0x8C, 0xE0, 0x96, 0x8A, 0x45, 0x0A, 0x32, 0x74, 0xE0, 0x80, 0x03, 0x1D,
    0x70, 0x91, 0xC2, 0x17, 0xD5, 0x32, 0x40, 0x2C, 0x02, 0xDD, 0x76, 0x9B,
    0x2E, 0x43, 0x7B, 0x69, 0xD0, 0xEE, 0xB2, 0x16, 0xC8, 0x3B, 0xEF, 0xBC,
    0x05, 0x77, 0x60, 0x81, 0x00, 0x4A, 0xFC, 0x8B, 0x91, 0x08, 0xEB, 0x0E,
    0xAC, 0xEC, 0x15, 0xF3, 0xC6, 0x60, 0x71, 0x0C, 0x07, 0xD3, 0xAB, 0xC4,
    0x09, 0x29, 0x9C, 0x30, 0x04, 0x05, 0x20, 0x23, 0xC0, 0x80, 0x7C, 0x0E,
    0x2F, 0xF4, 0xD5, 0x05, 0x12, 0x2B, 0x3B, 0xAF, 0x00, 0x2D, 0x08, 0x20,
    0x00, 0x06, 0x06, 0x1F, 0x6C, 0x01, 0xBD, 0x32, 0x0C, 0x34, 0x84, 0x03,
    0x0C, 0x98, 0x55, 0x72, 0x42, 0x12, 0x44, 0x9C, 0x32, 0xAC, 0x33, 0xBB,
    0xEC, 0x72, 0xCB, 0x0E, 0x60, 0x9C, 0x71, 0x07, 0x32, 0x30, 0x30, 0xC4,
    0x09, 0x53, 0x24, 0xAD, 0xF3, 0xCE, 0x06, 0x7D, 0xF5, 0xC1, 0xCF, 0xB0,
    0xB2, 0x2C, 0xF4, 0xD5, 0x58, 0x67, 0x3C, 0xAF, 0xBC, 0x3E, 0x00, 0xB0,
    0x19, 0xD4, 0x05, 0x49, 0x00, 0x2D, 0xD5, 0xA5, 0x5A, 0x8D, 0xF5, 0xD9,
    0x5A, 0x1F, 0x1C, 0x02, 0x05, 0x5F, 0x83, 0x2D, 0xD0, 0x5C, 0x28, 0x93,
    0x0D, 0xE9, 0xD9, 0x74, 0x9F, 0x3D, 0xB3, 0x08, 0x21, 0x08, 0x00, 0xC3,
    0xD3, 0x6E, 0xCB, 0xFF, 0xF5, 0xA3, 0xDC, 0x73, 0xD7, 0x2D, 0x38, 0xB9,
    0x0E, 0xC0, 0x10, 0x42, 0x0E, 0x33, 0xF0, 0x0D, 0xF6, 0x5C, 0x4C, 0x00,
    0x1E, 0xF8, 0xE0, 0x82, 0xB7, 0x0C, 0x03, 0xC8, 0x7D, 0xBF, 0x2D, 0x02,
    0xBB, 0x8E, 0xE7, 0x08, 0xF9, 0xE6, 0x7B, 0xFB, 0xBB, 0x33, 0xA0, 0x98,
    0x67, 0xAE, 0x22, 0xD6, 0x18, 0x24, 0x11, 0x82, 0xE1, 0x21, 0xA4, 0x3E,
    0x43, 0x08, 0x34, 0x60, 0xE0, 0xB2, 0xEB, 0xA9, 0xB3, 0x0A, 0x35, 0xE8,
    0xA2, 0xDF, 0x49, 0x3A, 0x0D, 0x08, 0xB5, 0xFE, 0x7A, 0x0E, 0x95, 0x13,
    0xA4, 0xC1, 0xE5, 0xB5, 0x0F, 0xFA, 0x72, 0x69, 0x16, 0x3C, 0x20, 0x01,
    0x03, 0x12, 0x24, 0x2F, 0x01, 0xDB, 0x2B, 0xAC, 0x90, 0xFA, 0x0A, 0x93,
    0xD3, 0xD1, 0x3B, 0x00, 0x54, 0x00, 0x10, 0x7A, 0xF0, 0x0C, 0xBE, 0xAC,
    0xC5, 0x5B, 0xEE, 0x65, 0x30, 0x3D, 0x67, 0x9E, 0x62, 0x5F, 0x6A, 0xF7,
    0x07, 0x81, 0x6C, 0xFE, 0xF4, 0xBA, 0xD1, 0x27, 0xFE, 0xF8, 0x00, 0x78,
    0xFF, 0x7D, 0x42, 0x1E, 0x48, 0x80, 0xEA, 0xFA, 0x4A, 0x82, 0x30, 0x41,
    0x62, 0x0F, 0x20, 0x60, 0xC5, 0xFB, 0x08, 0x79, 0xAF, 0x3E, 0xFD, 0x4A,
    0x52, 0xC0, 0xFD, 0xDE, 0x42, 0x00, 0xF7, 0x34, 0x80, 0x7F, 0x06, 0x19,
    0x41, 0x03, 0xAE, 0x04, 0x40, 0x2C, 0xD9, 0x0F, 0x7F, 0x1C, 0xD0, 0x0D,
    0x02, 0x0B, 0xF2, 0xBF, 0x06, 0xE6, 0x48, 0x80, 0x80, 0x21, 0x40, 0x8B,
    0x0E, 0x38, 0xC1, 0x31, 0x2C, 0x70, 0x01, 0xAF, 0xB2, 0x60, 0x7F, 0x7E,
    0xF0, 0x99, 0x05, 0x3C, 0x80, 0x01, 0x27, 0x58, 0x81, 0xE7, 0x7A, 0x97,
    0x00, 0x5A, 0x89, 0x10, 0x4B, 0x1A, 0x9C, 0xE0, 0x05, 0x8C, 0xB0, 0x9F,
    0x10, 0xBE, 0x10, 0x4B, 0x0B, 0x00, 0x03, 0x1B, 0xA0, 0x90, 0x84, 0xE6,
    0xAD, 0x20, 0x71, 0x95, 0x53, 0xD0, 0x0D, 0xFF, 0x7B, 0xF5, 0xB2, 0x1B,
    0xD4, 0xA0, 0x77, 0x98, 0xA9, 0xE1, 0x10, 0x95, 0xD5, 0x01, 0xD7, 0xD5,
    0xA0, 0x06, 0x50, 0x30, 0x83, 0xE2, 0x1C, 0x26, 0xC4, 0x25, 0xF6, 0xCA,
    0x02, 0x2D, 0xC0, 0x80, 0x16, 0x6F, 0x20, 0x00, 0x45, 0xE5, 0xAA, 0x01,
    0x47, 0x60, 0x80, 0x12, 0xAD, 0x78, 0x45, 0xD7, 0xBD, 0xAC, 0x0A, 0x65,
    0x90, 0x9D, 0xB3, 0x50, 0x44, 0x46, 0x65, 0x59, 0xC0, 0x75, 0x67, 0xB8,
    0x01, 0xEF, 0x80, 0x88, 0x2C, 0x1C, 0x60, 0xE6, 0x3A, 0x07, 0xB0, 0x61,
    0x1B, 0xEF, 0xD4, 0xC4, 0x1C, 0xBC, 0x81, 0x06, 0x33, 0x58, 0x61, 0xAB,
    0x04, 0x25, 0x3E, 0xD4, 0xA0, 0xE6, 0x67, 0x3F, 0xB0, 0x80, 0x11, 0xD3,
    0x25, 0x84, 0x08, 0xF0, 0xA0, 0x32, 0x00, 0x4C, 0x80, 0x24, 0x27, 0xB9,
    0x84, 0x09, 0x3C, 0x30, 0x3B, 0x0B, 0xF8, 0xD5, 0x9D, 0xB2, 0x00, 0x07,
    0x1A, 0x14, 0xA1, 0x08, 0xFF, 0x32, 0x0E, 0x00, 0x0D, 0xD2, 0x03, 0x05,
    0x40, 0x60, 0x80, 0xDA, 0xF9, 0x80, 0x0B, 0x39, 0x65, 0xA8, 0x5C, 0xD9,
    0xE5, 0x02, 0x11, 0xB8, 0x00, 0x24, 0xD7, 0x37, 0x81, 0x5A, 0x26, 0x00,
    0x33, 0xB1, 0xBC, 0x00, 0x10, 0x14, 0x60, 0x4A, 0xFB, 0xA1, 0x32, 0x31,
    0x0B, 0xF8, 0x40, 0x90, 0xD0, 0x34, 0x00, 0x34, 0xE8, 0xC9, 0x59, 0x38,
    0x30, 0x0D, 0xFD, 0x20, 0x60, 0x4A, 0x82, 0xAC, 0x85, 0x05, 0x20, 0x80,
    0x80, 0x01, 0x20, 0x70, 0xCA, 0xE3, 0x2C, 0x40, 0x20, 0xAA, 0x3C, 0x0D,
    0xA7, 0x6C, 0xF3, 0x21, 0x3F, 0x3D, 0x06, 0x09, 0x21, 0xB2, 0x4C, 0x03,
    0x41, 0xC0, 0x4B, 0x20, 0x84, 0x61, 0x20, 0x15, 0xC8, 0x80, 0x0A, 0x14,
    0x60, 0x00, 0x03, 0x98, 0xF2, 0x97, 0x89, 0x49, 0x00, 0x03, 0x84, 0x39,
    0x4C, 0xFF, 0x0C, 0xC0, 0x4E, 0x86, 0xE2, 0xE0, 0xA5, 0x66, 0x75, 0xFF,
    0x48, 0x65, 0x19, 0xD2, 0x90, 0x2A, 0x9A, 0x00, 0x33, 0x0D, 0x50, 0x90,
    0x67, 0xB2, 0xD3, 0x9D, 0xD5, 0xB4, 0x66, 0x41, 0x4C, 0x93, 0xA4, 0x02,
    0x02, 0x60, 0x00, 0xA7, 0x39, 0x40, 0x37, 0xA7, 0xB4, 0x16, 0x20, 0x49,
    0xD2, 0x4B, 0xCB, 0xB2, 0x8C, 0x65, 0xF4, 0x08, 0x98, 0x09, 0xF0, 0x72,
    0x0D, 0x48, 0x20, 0x88, 0x04, 0x9E, 0xC0, 0x4B, 0x69, 0x4E, 0xF3, 0x92,
    0x25, 0x04, 0x40, 0x8D, 0x62, 0x19, 0x24, 0xCA, 0x7C, 0xE6, 0x00, 0x73,
    0xA8, 0xE1, 0x03, 0x2A, 0x80, 0xAB, 0x22, 0x3D, 0x28, 0x01, 0x62, 0xD8,
    0x40, 0x8A, 0x60, 0xF8, 0x4F, 0x6D, 0xBA, 0x05, 0x21, 0x84, 0x5C, 0x8F,
    0x47, 0x55, 0x70, 0x10, 0x66, 0x9A, 0x14, 0xA1, 0xF0, 0x7C, 0xCB, 0x35,
    0xDB, 0x36, 0x90, 0x05, 0xB8, 0xE9, 0x2D, 0xED, 0xB9, 0x8E, 0x8B, 0xE4,
    0x04, 0x3A, 0xCA, 0xF0, 0x47, 0x49, 0x0B, 0xD0, 0xA8, 0x56, 0x3F, 0x10,
    0xCB, 0xFC, 0x40, 0x86, 0x07, 0x09, 0xE0, 0x68, 0x00, 0x3C, 0xFA, 0x02,
    0x37, 0x14, 0x44, 0x9D, 0xA6, 0x6C, 0x27, 0x33, 0x59, 0xD0, 0x85, 0x57,
    0x2D, 0x75, 0x20, 0x0C, 0xE8, 0x6A, 0x4B, 0xED, 0xA4, 0xC1, 0x07, 0x3C,
    0xC0, 0x03, 0x35, 0x5D, 0x14, 0x69, 0x18, 0xDA, 0xD3, 0x9E, 0x06, 0x60,
    0x03, 0xAD, 0x84, 0xC8, 0x91, 0x56, 0xF9, 0x96, 0xA1, 0x1E, 0x84, 0x05,
    0x69, 0x3D, 0x29, 0x10, 0x00, 0xD0, 0xC2, 0x94, 0x32, 0xB5, 0x20, 0x6C,
    0x04, 0x6C, 0xAE, 0x10, 0xE0, 0x82, 0x70, 0x6A, 0xF5, 0xB2, 0x1A, 0x7D,
    0x40, 0x04, 0x8E, 0xE0, 0xD5, 0xCE, 0xDE, 0xE5, 0x20, 0x8F, 0x09, 0x6B,
    0x7F, 0x3C, 0xAA, 0x00, 0x1D, 0x94, 0x80, 0x20, 0x36, 0x28, 0xE9, 0x34,
    0x15, 0xF0, 0x02, 0x1D, 0xE0, 0x40, 0x93, 0xC0, 0xCC, 0xC0, 0x63, 0x3F,
    0x54, 0xD9, 0x96, 0xFF, 0x0E, 0xE0, 0x01, 0x1A, 0x28, 0xCB, 0x04, 0x29,
    0x72, 0x22, 0xC2, 0x0A, 0x94, 0x9D, 0x02, 0xD9, 0x0B, 0x00, 0x9C, 0x90,
    0x58, 0x01, 0x3E, 0x41, 0x20, 0x10, 0x75, 0x2C, 0xFF, 0xEC, 0x92, 0x97,
    0xE6, 0x3A, 0x17, 0x2B, 0x11, 0x20, 0x59, 0x44, 0x38, 0x20, 0x46, 0x3D,
    0xFE, 0x56, 0x01, 0x36, 0x28, 0xC1, 0x08, 0x04, 0x82, 0xD8, 0x76, 0x2A,
    0xA0, 0x07, 0x41, 0xB0, 0x01, 0x6F, 0x18, 0x08, 0x18, 0x13, 0xCE, 0x76,
    0x20, 0x19, 0xB8, 0x4B, 0x04, 0xF2, 0xBA, 0xDB, 0x89, 0x1C, 0x30, 0xB9,
    0xC7, 0x11, 0x28, 0x42, 0x09, 0xA2, 0x00, 0x72, 0xD6, 0xB7, 0x09, 0x03,
    0x39, 0x60, 0x63, 0x3F, 0xD3, 0x5E, 0x93, 0x34, 0xC0, 0x03, 0x18, 0x4D,
    0x8C, 0x7C, 0xD9, 0xA9, 0x83, 0xEC, 0xEE, 0xA0, 0x0D, 0x41, 0xE8, 0x81,
    0x1A, 0x82, 0x60, 0x82, 0x11, 0x30, 0xA7, 0x01, 0x0D, 0x80, 0x6D, 0x79,
    0xFB, 0x5B, 0x92, 0xF7, 0xAE, 0xE7, 0x07, 0x26, 0xAD, 0xAF, 0x02, 0x4E,
    0x9B, 0x10, 0xFD, 0x9E, 0xE9, 0x9A, 0x14, 0x1E, 0x49, 0x03, 0x10, 0x10,
    0xE0, 0x8E, 0x1E, 0xB5, 0x9D, 0x3A, 0x68, 0x02, 0x09, 0x46, 0x30, 0x82,
    0x15, 0x7F, 0xA7, 0x67, 0x93, 0xA9, 0x0D, 0x88, 0x43, 0x1C, 0x92, 0xF7,
    0xBA, 0x50, 0xBE, 0xED, 0xCC, 0x71, 0x7D, 0x4D, 0xA0, 0xD2, 0x82, 0xD8,
    0xF8, 0x38, 0x34, 0x0E, 0x89, 0x08, 0x3C, 0x50, 0x80, 0xAB, 0x9A, 0x38,
    0xC7, 0x39, 0x66, 0x26, 0x8F, 0x3D, 0xD4, 0x4D, 0x09, 0x03, 0x46, 0xA2,
    0x41, 0xFE, 0xC8, 0x01, 0x91, 0x94, 0x1D, 0x27, 0x20, 0x19, 0xC9, 0x0A,
    0x58, 0xB2, 0x8F, 0x19, 0x2B, 0x63, 0xAF, 0x45, 0xD9, 0x23, 0x53, 0xCE,
    0xCE, 0x12, 0xBA, 0x8B, 0x64, 0x69, 0xBE, 0x00, 0x3E, 0x4C, 0xD6, 0xAF,
    0x8C, 0xE3, 0xF7, 0xE5, 0x8E, 0x84, 0xF9, 0xCD, 0x33, 0x04, 0x90, 0x68,
    0x1A, 0xA2, 0x89, 0xE5, 0x0D, 0xF7, 0x78, 0xCB, 0x4E, 0x0E, 0xC0, 0x5B,
    0xDB, 0xBC, 0x91, 0x37, 0x7F, 0x66, 0x00, 0x23, 0x88, 0xC3, 0x0B, 0x92,
    0x0C, 0x01, 0x15, 0xA8, 0x00, 0xCD, 0x06, 0x51, 0xF3, 0x4B, 0xBD, 0xCC,
    0x67, 0x8D, 0xF8, 0x99, 0x80, 0x12, 0x3D, 0xAD, 0x09, 0xD2, 0xCA, 0x4E,
    0x39, 0x28, 0x44, 0xD1, 0x13, 0x56, 0x63, 0xA3, 0xDD, 0x2B, 0x01, 0x23,
    0x0F, 0x80, 0x03, 0x42, 0x00, 0x80, 0x09, 0x5E, 0x60, 0x66, 0x15, 0x94,
    0x40, 0x0A, 0xC2, 0x4D, 0x34, 0x97, 0x13, 0x73, 0x00, 0x2E, 0x6D, 0xDA,
    0xD1, 0x00, 0xB8, 0x6A, 0x3E, 0x07, 0x63, 0x82, 0x68, 0x36, 0x04, 0xD3,
    0x01, 0x90, 0xA8, 0x74, 0x5F, 0x7D, 0x91, 0x06, 0x7C, 0x40, 0xD6, 0x08,
    0x38, 0xE0, 0x5C, 0x26, 0xCD, 0x82, 0x12, 0x30, 0x59, 0xD5, 0x12, 0x3E,
    0x00, 0x02, 0x76, 0xCD, 0x6B, 0x8A, 0x78, 0xCF, 0xD3, 0x13, 0x8D, 0x88,
    0x87, 0xDF, 0x22, 0x51, 0x09, 0x36, 0xDB, 0x22, 0xCF, 0xAE, 0xCD, 0x01,
    0x3E, 0xA0, 0x4F, 0x88, 0x60, 0xFA, 0x00, 0x43, 0xBE, 0xF6, 0x45, 0xB2,
    0xAD, 0xED, 0x68, 0x7B, 0x9B, 0xB1, 0x1B, 0x90, 0x68, 0xB7, 0xC5, 0x3D,
    0x11, 0x72, 0xBF, 0x94, 0xDB, 0xEE, 0x65, 0xAC, 0x05, 0x66, 0xCD, 0xEE,
    0x8A, 0xB8, 0x7B, 0xD1, 0xEE, 0x93, 0x08, 0x02, 0x8C, 0xC0, 0xEC, 0x7A,
    0x4B, 0xE4, 0xDE, 0xAC, 0x6E, 0x9F, 0x9C, 0x02, 0x02, 0x00, 0x21, 0xF9,
    0x04, 0x09, 0x04, 0x00, 0x00, 0x00, 0x2C, 0x00, 0x00, 0x00, 0x00, 0xD7,
    0x00, 0x6E, 0x00, 0x86, 0x00, 0x00, 0x00, 0x54, 0x85, 0xA7, 0x3B, 0x62,
    0x81, 0x9A, 0xAB, 0xA8, 0x5C, 0x91, 0xB7, 0x54, 0x85, 0xA7, 0x54, 0x84,
    0xA6, 0x7F, 0x7F, 0x7F, 0x54, 0x85, 0xA7, 0x54, 0x86, 0xA8, 0x69, 0x98,
    0x98, 0x7C, 0x93, 0x9D, 0x54, 0x85, 0xA8, 0x53, 0x85, 0xA7, 0x66, 0x99,
    0xCC, 0x00, 0xFF, 0xFF, 0x3A, 0x60, 0x7E, 0x55, 0xAA, 0xAA, 0x49, 0x75,
    0x96, 0x55, 0x55, 0xAA, 0x41, 0x6A, 0x8C, 0x3F, 0x7F, 0xBF, 0x56, 0x88,
    0xA8, 0xFF, 0xFF, 0xFF, 0xA5, 0xB4, 0xAF, 0x00, 0x00, 0xFF, 0x53, 0x7F,
    0xAB, 0x6D, 0x96, 0xB0, 0x3F, 0x7F, 0x7F, 0x7F, 0x7F, 0xFF, 0x38, 0x5C,
    0x7B, 0x33, 0x5A, 0x7B, 0x3E, 0x3E, 0x7D, 0x3B, 0x61, 0x7E, 0x61, 0x9A,
    0xC2, 0x84, 0x9B, 0xA4, 0x50, 0x7D, 0x9B, 0x00, 0x7F, 0x7F, 0x34, 0x65,
    0x6D, 0x3B, 0x62, 0x82, 0x91, 0xA6, 0xA6, 0x9A, 0xB3, 0xAB, 0x3A, 0x60,
    0x7E, 0x55, 0x55, 0x55, 0x39, 0x5D, 0x7B, 0x79, 0x92, 0xA7, 0x7B, 0x92,
    0x9C, 0x3A, 0x60, 0x7E, 0x3A, 0x61, 0x80, 0x35, 0x65, 0x8F, 0x9C, 0xAC,
    0xA9, 0xA1, 0xAE, 0xA9, 0x53, 0x7F, 0xA5, 0x48, 0x91, 0xB6, 0x9C, 0xAC,
    0xA8, 0xA5, 0xA9, 0xA9, 0x77, 0x8B, 0x9B, 0x4E, 0x7E, 0xA1, 0xB6, 0xC8,
    0xC3, 0x9C, 0xAD, 0xA8, 0x3A, 0x60, 0x80, 0x3C, 0x62, 0x81, 0x33, 0x66,
    0xCC, 0x56, 0x88, 0x9D, 0x55, 0x7F, 0x7F, 0x9D, 0xAE, 0xA7, 0x3B, 0x60,
    0x80, 0x9B, 0x9B, 0x9B, 0x7F, 0x7F, 0xBF, 0x35, 0x58, 0x88, 0x7C, 0x93,
    0x9C, 0x7C, 0x92, 0x9C, 0x38, 0x5E, 0x7C, 0x66, 0x66, 0x99, 0xA9, 0xB8,
    0xB2, 0x7D, 0x96, 0xA4, 0x38, 0x61, 0x7E, 0x99, 0xCC, 0xCC, 0x3A, 0x60,
    0x7E, 0x61, 0x8C, 0xA7, 0x9D, 0xAC, 0xA8, 0x67, 0xA3, 0xCC, 0xA5, 0xB6,
    0xB2, 0x33, 0x99, 0xCC, 0xB4, 0xBD, 0xB8, 0x8A, 0x9B, 0xA6, 0x48, 0x6D,
    0x91, 0x43, 0x6C, 0x8D, 0x7C, 0x92, 0x9D, 0x55, 0xAA, 0xFF, 0x40, 0x67,
    0x85, 0x4B, 0x7B, 0x9B, 0x45, 0x5C, 0x8B, 0x55, 0x55, 0x7F, 0x49, 0x75,
    0x96, 0x7F, 0xBF, 0x7F, 0x33, 0x99, 0x99, 0x3F, 0x7F, 0x9F, 0x50, 0x7D,
    0xA0, 0x7F, 0xA3, 0xA3, 0x9C, 0xAC, 0xA8, 0x99, 0xB2, 0x99, 0x48, 0x91,
    0x91, 0x9A, 0xB1, 0xAA, 0x9F, 0xB0, 0xAC, 0x38, 0x63, 0x84, 0x99, 0xCC,
    0x99, 0x78, 0x98, 0xA8, 0x5B, 0x90, 0xB2, 0xA1, 0xAE, 0xAE, 0x3C, 0x61,
    0x7F, 0xA1, 0xAF, 0xA8, 0x5A, 0x90, 0xB5, 0xA1, 0xB1, 0xAC, 0x71, 0x8F,
    0x9F, 0xA1, 0xB5, 0xAE, 0x62, 0x8B, 0xA6, 0xA1, 0xB0, 0xAC, 0x3B, 0x5F,
    0x7F, 0x38, 0x5F, 0x7D, 0x67, 0x8E, 0xA7, 0x7C, 0x90, 0x9E, 0x00, 0x00,
    0x7F, 0x88, 0x99, 0xAA, 0x1F, 0x5F, 0x7F, 0x00, 0x00, 0x00, 0x00, 0x00,
    0x00, 0x00, 0x00, 0x00, 0x08, 0xFF, 0x00, 0x01, 0x08, 0x1C, 0x48, 0xB0,
    0xA0, 0xC1, 0x83, 0x08, 0x13, 0x2A, 0x5C, 0xC8, 0xB0, 0xA1, 0xC3, 0x87,
    0x10, 0x23, 0x4A, 0x9C, 0x48, 0xB1, 0xA2, 0xC5, 0x8B, 0x18, 0x33, 0x6A,
    0xDC, 0xC8, 0xB1, 0xA3, 0xC7, 0x8F, 0x20, 0x43, 0x8A, 0x1C, 0x49, 0xB2,
    0xA4, 0xC9, 0x93, 0x28, 0x53, 0xAA, 0x5C, 0xC9, 0xB2, 0xA5, 0xCB, 0x97,
    0x30, 0x63, 0xCA, 0x9C, 0x49, 0xB3, 0xA6, 0xCD, 0x9B, 0x38, 0x73, 0xEA,
    0xDC, 0xC9, 0xB3, 0xA7, 0xCF, 0x9F, 0x40, 0x83, 0x0A, 0x1D, 0x4A, 0xB4,
    0xA8, 0xD1, 0xA3, 0x48, 0x93, 0x2A, 0x5D, 0xCA, 0xB4, 0xA9, 0xD3, 0xA7,
    0x50, 0xA3, 0x4A, 0x9D, 0x4A, 0xB5, 0xAA, 0xD5, 0xAB, 0x58, 0xB3, 0x0A,
    0x54, 0xC0, 0x55, 0x41, 0x06, 0xAD, 0x60, 0xC3, 0x8A, 0xC5, 0xF9, 0x00,
    0x00, 0x89, 0x02, 0x0C, 0xD2, 0x6A, 0x00, 0x70, 0x61, 0xAC, 0x5B, 0x88,
    0x65, 0x33, 0x04, 0x20, 0x30, 0xD7, 0x00, 0x80, 0x03, 0x6F, 0xA1, 0x3E,
    0x70, 0xA0, 0xC0, 0x81, 0xDF, 0xBF, 0x0E, 0xBE, 0xC2, 0x35, 0x5B, 0x20,
    0x80, 0xE1, 0x00, 0x76, 0xF1, 0xE6, 0x5D, 0x8C, 0xB0, 0x04, 0x80, 0x1F,
    0x87, 0xEB, 0xDE, 0x65, 0x9C, 0xF4, 0x80, 0x83, 0x1A, 0x0E, 0x0C, 0x14,
    0xD8, 0xCC, 0x99, 0xB3, 0x05, 0x05, 0x1A, 0xCA, 0x32, 0x7C, 0x80, 0xD9,
    0x42, 0xE4, 0x02, 0x24, 0xDA, 0x52, 0x66, 0x6A, 0x60, 0xC3, 0x5C, 0x02,
    0xB0, 0x63, 0x93, 0x98, 0x08, 0x24, 0x32, 0x8E, 0xC9, 0xAB, 0x89, 0x4E,
    0xA8, 0xA1, 0x40, 0xF3, 0x66, 0x06, 0x91, 0x83, 0x73, 0x36, 0xE0, 0x20,
    0x42, 0xC2, 0x0C, 0x0F, 0x2C, 0x70, 0x8E, 0x6C, 0x20, 0x83, 0xE2, 0xDC,
    0x45, 0x1B, 0x88, 0x98, 0x1B, 0xBC, 0x3A, 0x81, 0x0D, 0x76, 0x15, 0x82,
    0x00, 0x40, 0x23, 0x36, 0x73, 0xDC, 0xD0, 0x7F, 0x82, 0xFF, 0x71, 0xD0,
    0x00, 0x01, 0x02, 0xE0, 0xD5, 0xD3, 0x1B, 0x2E, 0x80, 0xC0, 0xC0, 0x01,
    0xC7, 0x05, 0x33, 0x64, 0x50, 0x9E, 0x3E, 0x71, 0x78, 0xA1, 0x05, 0xA6,
    0xAB, 0xDF, 0x1F, 0x40, 0x44, 0x03, 0x00, 0x26, 0x18, 0x34, 0x01, 0x00,
    0x0D, 0xD0, 0x55, 0x9D, 0x7D, 0xF7, 0xF1, 0xC4, 0x55, 0x79, 0xE8, 0xF1,
    0xB7, 0x5F, 0x01, 0x06, 0x70, 0x00, 0xDF, 0x40, 0x03, 0x1A, 0xA0, 0x1E,
    0x82, 0x09, 0xF2, 0x94, 0x9F, 0x83, 0x0E, 0xFA, 0x07, 0x80, 0x0F, 0x05,
    0x55, 0x78, 0x21, 0x78, 0x19, 0xDA, 0x54, 0x42, 0x04, 0x0C, 0x72, 0xC8,
    0x21, 0x84, 0x15, 0x4C, 0x08, 0x40, 0x05, 0xBD, 0x8D, 0xF8, 0x5C, 0x89,
    0x35, 0x05, 0xC8, 0x80, 0x7E, 0x2A, 0xF2, 0xB7, 0x01, 0x02, 0x1F, 0x1A,
    0x64, 0x61, 0x7D, 0x24, 0xD2, 0x28, 0xD3, 0x03, 0x40, 0x34, 0x90, 0x40,
    0x8E, 0x2A, 0x42, 0x18, 0x43, 0x59, 0x0F, 0x3C, 0x60, 0x40, 0x03, 0x85,
    0x01, 0x39, 0xA3, 0x90, 0x31, 0x19, 0x97, 0x80, 0x81, 0x48, 0xF2, 0x47,
    0x00, 0x8F, 0x31, 0x00, 0x48, 0x20, 0x8E, 0xD5, 0xFD, 0x10, 0x24, 0x95,
    0x2E, 0x55, 0xA0, 0x81, 0x01, 0x47, 0x66, 0xB9, 0xA2, 0x01, 0x31, 0x74,
    0xB0, 0x02, 0x7D, 0xFB, 0x21, 0xF0, 0x83, 0x6A, 0x64, 0xCA, 0x74, 0xA5,
    0x9A, 0x1C, 0xEE, 0x08, 0x80, 0x05, 0x04, 0x62, 0x99, 0x1E, 0x01, 0x18,
    0xD6, 0xC9, 0xD2, 0x04, 0x4F, 0xA6, 0x89, 0xA7, 0x83, 0x0C, 0x18, 0xD0,
    0x02, 0x81, 0x1C, 0x06, 0x2A, 0xE8, 0x4A, 0x77, 0x1E, 0xCA, 0x21, 0x01,
    0x05, 0x08, 0xD4, 0x40, 0xA3, 0x63, 0x3E, 0x6A, 0x12, 0xA1, 0x86, 0x4A,
    0x8A, 0xA8, 0x7B, 0x97, 0x3A, 0xE8, 0xA8, 0xA6, 0x27, 0x79, 0x8A, 0x24,
    0xA5, 0x8C, 0x8A, 0x9A, 0x29, 0xA9, 0x22, 0x45, 0x80, 0xA6, 0xA9, 0x39,
    0x32, 0xFF, 0x60, 0x41, 0xA8, 0xFC, 0x8D, 0xCA, 0xEA, 0x48, 0xB0, 0x9E,
    0x0A, 0xA1, 0x9F, 0xE9, 0xF1, 0x39, 0xE5, 0xAD, 0x21, 0x71, 0xF0, 0x63,
    0xAE, 0x49, 0x22, 0xC0, 0x61, 0x03, 0x16, 0x1C, 0xA0, 0xAC, 0xB2, 0xC0,
    0x7E, 0xF4, 0x55, 0x09, 0xC4, 0x46, 0xFB, 0x5D, 0xB3, 0x22, 0x65, 0x20,
    0xAC, 0xB4, 0xD8, 0xBA, 0xD7, 0xC2, 0x12, 0x79, 0x54, 0xA1, 0xC0, 0xB2,
    0xA2, 0x51, 0x5B, 0x51, 0x59, 0x24, 0x60, 0x9B, 0x2D, 0x00, 0x2E, 0x0C,
    0xB0, 0xC0, 0x00, 0x58, 0x88, 0xAB, 0xD1, 0x03, 0xD7, 0x9A, 0x1B, 0x2D,
    0x1D, 0x2D, 0xB8, 0x30, 0xC2, 0x02, 0x23, 0x60, 0xB1, 0x2D, 0x0A, 0x38,
    0x5C, 0xF0, 0xAB, 0xBB, 0xA3, 0xED, 0x29, 0xAF, 0xB4, 0x1B, 0xDC, 0xBB,
    0xC0, 0xC1, 0x0B, 0x6C, 0xB0, 0xAE, 0x11, 0x00, 0x4F, 0xF4, 0x80, 0xAB,
    0x03, 0x47, 0x2B, 0x07, 0xC2, 0x14, 0xE3, 0x6B, 0x84, 0x02, 0xFC, 0xB2,
    0xD5, 0x30, 0x43, 0x78, 0x99, 0x16, 0x71, 0xB4, 0x03, 0xCC, 0x30, 0xC0,
    0xC8, 0x06, 0x23, 0x3C, 0xC2, 0x11, 0x1B, 0x37, 0x74, 0x00, 0xA1, 0x1F,
    0x83, 0x2C, 0x32, 0xC9, 0x15, 0x9F, 0x8C, 0x03, 0x0A, 0x0A, 0x0C, 0x74,
    0x40, 0x0B, 0x74, 0x6E, 0xDC, 0x16, 0x0D, 0x2D, 0xE7, 0x3A, 0xF2, 0xCF,
    0x40, 0xFF, 0x4C, 0xF1, 0x08, 0x2E, 0x0C, 0x84, 0xC3, 0x02, 0x35, 0xE7,
    0xEC, 0x2E, 0x11, 0x67, 0xF6, 0x0C, 0x6B, 0xC8, 0x41, 0x07, 0x3D, 0xB4,
    0x0B, 0x5D, 0x29, 0xE0, 0xC2, 0xA2, 0x4A, 0x37, 0x2B, 0xA2, 0xD3, 0xA6,
    0x46, 0xED, 0xB5, 0xD0, 0x14, 0x2B, 0x5C, 0x73, 0xB8, 0xEE, 0x4E, 0xE0,
    0x24, 0xD7, 0x5D, 0x7F, 0xED, 0x75, 0xC5, 0x07, 0x8F, 0x01, 0x00, 0xD9,
    0xD4, 0x1A, 0x37, 0x2C, 0xDA, 0x87, 0xAA, 0x6D, 0xB7, 0xC2, 0x7B, 0x54,
    0x61, 0x03, 0x0A, 0x1A, 0xBB, 0xFF, 0x6B, 0x1C, 0xAD, 0x74, 0xE3, 0x69,
    0xB7, 0xDA, 0x1B, 0x14, 0x7D, 0xC3, 0x00, 0x29, 0xF4, 0x1D, 0x77, 0xAA,
    0x81, 0xD7, 0xFD, 0x33, 0x06, 0x32, 0xA4, 0x80, 0x42, 0x0A, 0x94, 0x4F,
    0x0E, 0x05, 0x06, 0x51, 0xCF, 0x60, 0x43, 0x10, 0x07, 0x64, 0x7D, 0xEB,
    0xDF, 0x8D, 0x4B, 0x0A, 0x34, 0x06, 0x75, 0x1C, 0x24, 0x03, 0xE6, 0x18,
    0xA0, 0xF1, 0x38, 0xE2, 0x8A, 0x37, 0xCB, 0xC1, 0x01, 0x80, 0x87, 0xAE,
    0x66, 0xC8, 0xAE, 0x05, 0xD0, 0xC0, 0x05, 0x0A, 0x5C, 0xE0, 0xEF, 0x05,
    0x28, 0x50, 0x11, 0xC4, 0x0D, 0xA7, 0x63, 0x8E, 0xC2, 0x0D, 0x37, 0xA4,
    0x5C, 0xA0, 0xEC, 0x75, 0x63, 0xF0, 0xC4, 0x5C, 0xFF, 0x71, 0x80, 0x50,
    0x10, 0x18, 0x60, 0xBE, 0x71, 0x16, 0x0F, 0x18, 0x89, 0xBC, 0xA7, 0xCB,
    0x1B, 0xD6, 0x00, 0xBC, 0x05, 0x2D, 0x5B, 0xC6, 0x1C, 0x6D, 0x9C, 0xD1,
    0x39, 0xC0, 0x15, 0x00, 0x80, 0x00, 0xAF, 0xD7, 0x1F, 0xDA, 0x7C, 0xCA,
    0x0A, 0x45, 0xD0, 0x41, 0xEC, 0xE9, 0x23, 0x49, 0x81, 0x04, 0x91, 0x35,
    0x70, 0x80, 0x71, 0x07, 0x2D, 0xDB, 0x70, 0xF9, 0xE7, 0xC7, 0x8F, 0xA7,
    0x00, 0xF4, 0x33, 0x0C, 0x01, 0xFE, 0x53, 0x3E, 0xF6, 0x19, 0x84, 0x2F,
    0xC6, 0xF2, 0x1F, 0x9E, 0x72, 0x40, 0x81, 0x1C, 0x1C, 0x26, 0x01, 0x0D,
    0x98, 0x00, 0xFE, 0x0C, 0x58, 0x90, 0xFE, 0x29, 0x50, 0x4D, 0x00, 0x3C,
    0xCC, 0x96, 0x5E, 0x44, 0x41, 0x81, 0x68, 0x80, 0x08, 0xE7, 0xE9, 0xD4,
    0x05, 0x73, 0x14, 0xC0, 0x07, 0x36, 0xC0, 0x01, 0x29, 0xA0, 0x42, 0xF1,
    0x28, 0xB8, 0xA1, 0x11, 0xC2, 0x6A, 0x83, 0x14, 0xD4, 0x80, 0x02, 0x42,
    0xE8, 0x42, 0x62, 0x25, 0x60, 0x0D, 0x6F, 0x90, 0x02, 0x14, 0x86, 0xC0,
    0xC3, 0x2F, 0x34, 0x8C, 0x01, 0xB5, 0xAB, 0xA1, 0xCF, 0xFF, 0x30, 0xA0,
    0x83, 0x1D, 0x34, 0x4C, 0x03, 0x0E, 0x40, 0x8B, 0x08, 0x85, 0x68, 0xAA,
    0x11, 0x60, 0xC0, 0x06, 0x3B, 0xD8, 0x81, 0x14, 0xC8, 0xD0, 0x3A, 0x56,
    0x25, 0x20, 0x88, 0x4C, 0xCC, 0xD5, 0x06, 0x66, 0x10, 0x3D, 0x22, 0x0E,
    0x60, 0x55, 0x42, 0x9A, 0x42, 0x12, 0x1B, 0x94, 0x45, 0x62, 0x6D, 0x00,
    0x73, 0x03, 0xC0, 0x40, 0x1C, 0x64, 0xF0, 0x2F, 0x41, 0x45, 0xAA, 0x8C,
    0x66, 0x44, 0x9D, 0x0E, 0x6C, 0x00, 0xC6, 0x12, 0xF5, 0x65, 0x33, 0x70,
    0x34, 0x57, 0x1A, 0x6D, 0xA0, 0x04, 0x36, 0x7A, 0x8E, 0x4C, 0xD4, 0x89,
    0x5F, 0x6C, 0x06, 0x39, 0xB0, 0x1C, 0x6C, 0xA0, 0x88, 0xAC, 0x42, 0xA2,
    0x72, 0xA2, 0x94, 0x3E, 0x09, 0x48, 0xC0, 0x3C, 0x90, 0x34, 0x8F, 0x17,
    0x1C, 0x69, 0x2E, 0x3C, 0xF4, 0x51, 0x0D, 0x4D, 0xB8, 0x55, 0x20, 0x5F,
    0xE8, 0x9D, 0xFF, 0x79, 0xE0, 0x20, 0x48, 0xC8, 0xA0, 0x83, 0xD0, 0xB7,
    0x1F, 0x54, 0x3D, 0xEA, 0x01, 0x32, 0xFC, 0xC1, 0x72, 0xA2, 0xC5, 0x1E,
    0xF3, 0x2C, 0x71, 0x3F, 0x8E, 0x94, 0x80, 0x00, 0x04, 0x10, 0x03, 0x05,
    0x44, 0x80, 0x2B, 0x56, 0x30, 0x43, 0x0F, 0x4E, 0x30, 0x3F, 0x4A, 0xAA,
    0x87, 0x91, 0x49, 0x6A, 0xC2, 0xA2, 0x34, 0xA5, 0x81, 0xD7, 0x98, 0x8A,
    0x90, 0x7C, 0x12, 0x08, 0x19, 0x1D, 0xE4, 0x81, 0x66, 0xCE, 0xF2, 0x03,
    0x6F, 0x1B, 0x48, 0x80, 0x58, 0x20, 0x80, 0x66, 0x96, 0x30, 0x38, 0x09,
    0x28, 0x17, 0x6C, 0x4A, 0x79, 0x98, 0x4A, 0x15, 0x50, 0x48, 0x13, 0x70,
    0x80, 0x05, 0xCC, 0x03, 0x4C, 0x4F, 0x75, 0xA6, 0x00, 0x32, 0x44, 0xE2,
    0x32, 0xD5, 0xE3, 0xC8, 0x59, 0xBA, 0x13, 0x9A, 0xA2, 0xD1, 0xC3, 0x07,
    0x76, 0x39, 0x4B, 0x08, 0xF4, 0xB2, 0x3A, 0x09, 0x58, 0x64, 0x39, 0x0F,
    0xC3, 0xFF, 0x80, 0x02, 0xA4, 0xC9, 0x9B, 0x82, 0x32, 0x40, 0x27, 0x4F,
    0x45, 0x48, 0xBA, 0x1C, 0xA4, 0x03, 0x00, 0x78, 0xA3, 0x7A, 0x72, 0xE0,
    0x4C, 0x77, 0x0A, 0x20, 0x40, 0xA2, 0xD9, 0xCE, 0x0B, 0x28, 0x00, 0x01,
    0x77, 0x7A, 0x40, 0x02, 0xBC, 0x4A, 0x00, 0x41, 0x36, 0x29, 0xC0, 0xFF,
    0x14, 0x00, 0x36, 0x0C, 0xE0, 0x20, 0x8D, 0x6E, 0x49, 0x03, 0x04, 0xEC,
    0x53, 0x45, 0x09, 0x38, 0xE7, 0x66, 0x10, 0x00, 0x98, 0x9A, 0xB1, 0xE5,
    0x01, 0x08, 0x78, 0x65, 0x64, 0x28, 0xE0, 0xD0, 0x59, 0x0A, 0xA1, 0x4B,
    0x71, 0x99, 0xE7, 0x09, 0x6A, 0x2A, 0x80, 0x2B, 0xAC, 0x13, 0x01, 0x1A,
    0xD0, 0xC0, 0x59, 0xF0, 0x18, 0x19, 0x06, 0xC0, 0x21, 0xA6, 0x10, 0x2C,
    0x01, 0x42, 0xA9, 0x24, 0x9D, 0x51, 0x0E, 0x72, 0x9B, 0x22, 0xA8, 0xD4,
    0x43, 0x8C, 0xB3, 0xCE, 0xC8, 0x48, 0xC0, 0x03, 0xEE, 0xAC, 0x28, 0x04,
    0x04, 0x22, 0x98, 0xED, 0xF0, 0x80, 0xA2, 0x0E, 0xA5, 0x00, 0x0B, 0xD8,
    0x80, 0x3E, 0x83, 0x5C, 0x31, 0x32, 0x51, 0x60, 0x50, 0x8F, 0x4A, 0xE4,
    0x18, 0x03, 0x98, 0x14, 0x51, 0x2A, 0xE5, 0xCC, 0x09, 0xC3, 0x00, 0x18,
    0x07, 0x24, 0x01, 0x21, 0x11, 0xA8, 0x40, 0x55, 0x0F, 0x23, 0xCB, 0xAC,
    0x3E, 0x13, 0x00, 0x82, 0x39, 0x40, 0x08, 0x76, 0x5A, 0x53, 0xB1, 0xC2,
    0x2F, 0x00, 0x08, 0xB0, 0x40, 0x12, 0x34, 0x80, 0x19, 0x93, 0xFA, 0x53,
    0x80, 0x08, 0x28, 0x8F, 0xFB, 0x68, 0x04, 0x22, 0x04, 0x44, 0x81, 0x94,
    0x1A, 0x4C, 0x26, 0x46, 0xA8, 0x0A, 0x4B, 0xAC, 0xFA, 0x55, 0x00, 0x45,
    0x00, 0x2C, 0x00, 0x56, 0x00, 0x00, 0x5E, 0x56, 0x34, 0xAC, 0x2C, 0x68,
    0x00, 0x16, 0x0F, 0x83, 0x90, 0x1B, 0xF5, 0x47, 0xAA, 0x54, 0x42, 0xA8,
    0x6F, 0xD2, 0x42, 0xDB, 0xDA, 0xFF, 0xA6, 0xC5, 0x00, 0x0A, 0xB0, 0x42,
    0xD5, 0xB8, 0x52, 0x1C, 0x88, 0x44, 0x20, 0x02, 0x7B, 0x0D, 0x80, 0x04,
    0x4E, 0xEB, 0x50, 0x15, 0x70, 0x41, 0xB4, 0xA4, 0x7D, 0x81, 0x00, 0x88,
    0xEB, 0x4E, 0x16, 0x18, 0xA0, 0xAA, 0x91, 0x45, 0x96, 0x99, 0x78, 0x73,
    0x1E, 0xB4, 0x44, 0x70, 0x2D, 0x1D, 0xAC, 0x08, 0x67, 0xF7, 0xE3, 0xD0,
    0xD3, 0x16, 0x24, 0xB9, 0xCB, 0x75, 0xA8, 0x07, 0x28, 0xC0, 0x03, 0x00,
    0x88, 0x01, 0x7D, 0xDB, 0xD4, 0x6C, 0xB3, 0x2C, 0xB3, 0xDB, 0xF6, 0x7A,
    0x25, 0x23, 0xCE, 0x79, 0x95, 0x7A, 0xB6, 0xE0, 0x84, 0xF0, 0x9E, 0x36,
    0x40, 0x03, 0x21, 0x2D, 0x0F, 0xC2, 0x5B, 0x4F, 0x01, 0x9C, 0x00, 0x06,
    0xC2, 0x92, 0x29, 0x62, 0x91, 0x05, 0x58, 0x0E, 0xF0, 0xC5, 0x01, 0x4B,
    0xCD, 0x2E, 0x45, 0x10, 0xAA, 0x50, 0x0D, 0x86, 0x54, 0x0B, 0xF6, 0xFD,
    0x6B, 0x7E, 0x01, 0x50, 0x5F, 0xE6, 0x0A, 0x40, 0x05, 0x00, 0x80, 0xE6,
    0xDC, 0xAC, 0x63, 0x97, 0x04, 0x2B, 0xF8, 0x22, 0x1D, 0x98, 0x40, 0x70,
    0x11, 0x00, 0x84, 0x1E, 0xF0, 0x57, 0x00, 0x3C, 0xE0, 0x03, 0x41, 0x0E,
    0x90, 0x01, 0x6A, 0xF2, 0x54, 0x05, 0x13, 0xF8, 0x00, 0xEC, 0x54, 0xE5,
    0xE1, 0x0F, 0x57, 0x04, 0xA1, 0x55, 0x35, 0xE5, 0x1D, 0x4E, 0x7C, 0x90,
    0x01, 0x4D, 0xF4, 0xB4, 0xE3, 0xC5, 0x30, 0x34, 0x8F, 0xB7, 0x1F, 0x1A,
    0x00, 0xA0, 0xC6, 0x36, 0x9E, 0x08, 0x11, 0xE4, 0x5B, 0x1D, 0x04, 0x44,
    0xC0, 0x04, 0x30, 0xE0, 0x2F, 0x04, 0xA0, 0xD9, 0x3D, 0x0E, 0x08, 0xE1,
    0xB3, 0x6E, 0x00, 0x40, 0x17, 0x00, 0xC0, 0x64, 0x7C, 0x76, 0x38, 0xC9,
    0x16, 0xC1, 0xCB, 0x2B, 0x4D, 0x19, 0x02, 0xB0, 0xCE, 0xF2, 0x93, 0x07,
    0x91, 0x28, 0x58, 0xC5, 0x0A, 0x00, 0xE7, 0x55, 0x08, 0xFF, 0xB3, 0xBE,
    0x02, 0x73, 0x98, 0xBB, 0x6C, 0x98, 0x04, 0x24, 0x00, 0x01, 0x03, 0x0A,
    0x01, 0x4F, 0xD3, 0x60, 0x02, 0xD2, 0x12, 0x64, 0x02, 0x20, 0x50, 0x81,
    0x3B, 0x29, 0xA0, 0x82, 0x03, 0x38, 0xAF, 0x03, 0x07, 0xA0, 0x73, 0x00,
    0xEC, 0x6C, 0x2B, 0x39, 0x3F, 0x64, 0x89, 0x30, 0xDC, 0x8E, 0x9E, 0x3F,
    0x8B, 0x10, 0xE7, 0x21, 0x81, 0xA2, 0x84, 0x6E, 0xB3, 0x40, 0x06, 0xC4,
    0xB3, 0xE0, 0x60, 0xD7, 0xD1, 0x61, 0x7E, 0x25, 0x02, 0x2A, 0x30, 0x05,
    0x49, 0x77, 0x77, 0x96, 0x4C, 0x60, 0x02, 0x7E, 0x07, 0x12, 0x81, 0x15,
    0x5C, 0x79, 0x96, 0x30, 0x00, 0x00, 0xFE, 0x3A, 0xE0, 0x24, 0x43, 0xD9,
    0x99, 0x04, 0x11, 0x80, 0x1B, 0xA8, 0x23, 0x22, 0xC2, 0x0D, 0x96, 0xCF,
    0xD4, 0x3C, 0x9D, 0x65, 0x68, 0xC9, 0xE6, 0x3C, 0x15, 0x48, 0x20, 0xD6,
    0xCE, 0xB3, 0x19, 0x97, 0x59, 0xBB, 0x6B, 0x8C, 0x28, 0x1A, 0x01, 0x07,
    0xC8, 0x02, 0x00, 0x80, 0x1D, 0x6C, 0x78, 0x12, 0x24, 0x02, 0x25, 0x80,
    0xC1, 0x15, 0x60, 0xF0, 0xB0, 0x15, 0x73, 0xD9, 0xCE, 0xD9, 0x9C, 0x80,
    0x60, 0x9A, 0x3D, 0x91, 0xF4, 0xF0, 0xA8, 0x80, 0xD4, 0xE6, 0xA9, 0xB5,
    0xC9, 0x0D, 0xA9, 0x26, 0x3F, 0x00, 0xDD, 0x00, 0x98, 0xF4, 0x72, 0x89,
    0x7B, 0x02, 0x9C, 0x1A, 0x24, 0x03, 0x2E, 0x32, 0x88, 0xFE, 0xD8, 0x5D,
    0x91, 0x25, 0x9E, 0x5B, 0x20, 0x92, 0xA6, 0x69, 0x4D, 0xA9, 0xCC, 0x6F,
    0x96, 0xF8, 0xDB, 0x02, 0xF0, 0x96, 0xF7, 0x69, 0x4F, 0x40, 0xF0, 0x82,
    0xAB, 0x44, 0xD4, 0x22, 0xCD, 0x33, 0x05, 0x4E, 0xE0, 0xF0, 0x98, 0x88,
    0x9A, 0x04, 0x05, 0x1C, 0x90, 0x1D, 0x28, 0xF0, 0x82, 0x68, 0x56, 0xBC,
    0x25, 0x32, 0xFD, 0x37, 0x57, 0x39, 0x30, 0xA0, 0x8F, 0xBB, 0x64, 0xCC,
    0x22, 0x04, 0x27, 0x53, 0x40, 0x00, 0x00, 0x21, 0xF9, 0x04, 0x09, 0x04,
    0x00, 0x00, 0x00, 0x2C, 0x00, 0x00, 0x00, 0x00, 0xD7, 0x00, 0x6E, 0x00,
    0x86, 0x00, 0x00, 0x00, 0x54, 0x85, 0xA7, 0x9A, 0xAB, 0xA8, 0x5C, 0x92,
    0xB7, 0x3A, 0x60, 0x7E, 0x54, 0x85, 0xA7, 0x53, 0x85, 0xA7, 0x53, 0x85,
    0xA7, 0x54, 0x85, 0xA6, 0x3C, 0x62, 0x83, 0x7B, 0x92, 0x9C, 0x7F, 0x7F,
    0x7F, 0x00, 0xFF, 0xFF, 0x54, 0x86, 0xA8, 0x3F, 0x7F, 0xBF, 0x54, 0x86,
    0xA9, 0x69, 0x98, 0x99, 0xA4, 0xB4, 0xAF, 0x39, 0x5D, 0x7C, 0x66, 0x99,
    0xCC, 0x4A, 0x76, 0x97, 0x00, 0x00, 0xFF, 0x54, 0x86, 0xA6, 0x53, 0x7E,
    0xA8, 0x55, 0x55, 0xAA, 0x50, 0x7D, 0x9B, 0x55, 0xAA, 0xAA, 0x3F, 0x7F,
    0x7F, 0x34, 0x65, 0x96, 0xFF, 0xFF, 0xFF, 0x84, 0x9B, 0xA5, 0x41, 0x69,
    0x8A, 0x6C, 0x96, 0xB1, 0xA9, 0xAA, 0xAA, 0x61, 0x9B, 0xC3, 0x9B, 0xAB,
    0xA8, 0x37, 0x58, 0x7A, 0x7F, 0x7F, 0xFF, 0x3A, 0x60, 0x7E, 0xB4, 0xBB,
    0xB6, 0x79, 0x96, 0xAE, 0x55, 0x55, 0x55, 0x34, 0x64, 0x75, 0x4F, 0x7E,
    0xA1, 0x7F, 0x7F, 0xBB, 0x62, 0x8D, 0xA7, 0x9B, 0xAC, 0xA9, 0xB7, 0xC8,
    0xC3, 0x39, 0x5E, 0x7D, 0x9D, 0xAD, 0xA9, 0x3A, 0x5E, 0x7E, 0x9C, 0xAC,
    0xA8, 0x7A, 0x91, 0x9C, 0x3F, 0x3F, 0x7F, 0x7F, 0xFF, 0xFF, 0xA6, 0xB7,
    0xB1, 0x47, 0x69, 0x8F, 0x52, 0x7F, 0xA4, 0x3F, 0x7F, 0x9F, 0x7A, 0x92,
    0x9D, 0x4D, 0x94, 0xB4, 0x99, 0xCC, 0xCC, 0x3B, 0x62, 0x82, 0x3A, 0x60,
    0x7F, 0x3A, 0x60, 0x7E, 0x9D, 0xAC, 0xA9, 0x55, 0x7F, 0x7F, 0xA1, 0xAE,
    0xA8, 0x3A, 0x61, 0x80, 0x73, 0x8F, 0x9E, 0x00, 0x7F, 0x7F, 0x74, 0x8B,
    0x99, 0x3C, 0x61, 0x81, 0x2B, 0x4A, 0x76, 0xAA, 0xB8, 0xAF, 0x66, 0x66,
    0x99, 0x55, 0xAA, 0xFF, 0x9D, 0xB0, 0xAC, 0x9C, 0xAB, 0xA8, 0x7B, 0x91,
    0x9D, 0x48, 0x91, 0x91, 0x3B, 0x60, 0x80, 0x7C, 0x93, 0x9C, 0x9C, 0x9C,
    0x9C, 0x7F, 0xBF, 0xBF, 0xCC, 0xCC, 0xCC, 0x67, 0xA3, 0xCE, 0x55, 0x55,
    0x7F, 0x69, 0x90, 0xA7, 0x78, 0x97, 0xA8, 0xFF, 0x00, 0x00, 0x55, 0x7F,
    0xD4, 0x80, 0x96, 0x9F, 0x85, 0x9A, 0xA3, 0x9C, 0xA6, 0xA6, 0x59, 0x90,
    0xB6, 0x5F, 0x91, 0xB1, 0x9F, 0xB0, 0xAC, 0xA0, 0xAE, 0xAA, 0x66, 0x66,
    0xCC, 0x39, 0x5F, 0x7F, 0x38, 0x5D, 0x7D, 0x39, 0x5E, 0x7F, 0xA1, 0xB2,
    0xAE, 0x7C, 0x96, 0x9C, 0x48, 0x6D, 0xB6, 0x00, 0x7F, 0xFF, 0xFF, 0x00,
    0xFF, 0x00, 0x00, 0x00, 0x00, 0x00, 0x00, 0x00, 0x00, 0x00, 0x00, 0x00,
    0x00, 0x00, 0x00, 0x00, 0x00, 0x00, 0x00, 0x00, 0x00, 0x00, 0x00, 0x00,
    0x00, 0x00, 0x00, 0x00, 0x00, 0x00, 0x00, 0x00, 0x00, 0x00, 0x00, 0x00,
    0x00, 0x00, 0x00, 0x00, 0x00, 0x00, 0x00, 0x00, 0x00, 0x00, 0x00, 0x00,
    0x00, 0x00, 0x00, 0x00, 0x00, 0x00, 0x00, 0x00, 0x00, 0x00, 0x00, 0x00,
    0x00, 0x08, 0xFF, 0x00, 0x01, 0x08, 0x1C, 0x48, 0xB0, 0xA0, 0xC1, 0x83,
    0x08, 0x13, 0x2A, 0x5C, 0xC8, 0xB0, 0xA1, 0xC3, 0x87, 0x10, 0x23, 0x4A,
    0x9C, 0x48, 0xB1, 0xA2, 0xC5, 0x8B, 0x18, 0x33, 0x6A, 0xDC, 0xC8, 0xB1,
    0xA3, 0xC7, 0x8F, 0x20, 0x43, 0x8A, 0x1C, 0x49, 0xB2, 0xA4, 0xC9, 0x93,
    0x28, 0x53, 0xAA, 0x5C, 0xC9, 0xB2, 0xA5, 0xCB, 0x97, 0x30, 0x63, 0xCA,
    0x9C, 0x49, 0xB3, 0xA6, 0xCD, 0x9B, 0x38, 0x73, 0xEA, 0xDC, 0xC9, 0xB3,
    0xA7, 0xCF, 0x9F, 0x40, 0x83, 0x0A, 0x1D, 0x4A, 0xB4, 0xA8, 0xD1, 0xA3,
    0x48, 0x93, 0x2A, 0x5D, 0xCA, 0xB4, 0xA9, 0xD3, 0xA7, 0x50, 0xA3, 0x4A,
    0x9D, 0x4A, 0xB5, 0xAA, 0xD5, 0xAB, 0x58, 0xB3, 0x6A, 0xDD, 0xCA, 0xB5,
    0xAB, 0xD7, 0xAF, 0x60, 0xC3, 0x8A, 0x85, 0x08, 0x61, 0x82, 0xD9, 0x0A,
    0x63, 0xD3, 0xAA, 0xED, 0xCA, 0x60, 0x42, 0x59, 0xB3, 0x6E, 0x2B, 0x32,
    0x00, 0x90, 0xA1, 0x80, 0xDD, 0x02, 0x16, 0x00, 0x74, 0x58, 0xCB, 0x77,
    0x6E, 0x85, 0x00, 0x03, 0x00, 0x23, 0x00, 0xB0, 0x80, 0x6F, 0xD1, 0x05,
    0x13, 0xA0, 0x40, 0x40, 0x70, 0xB7, 0xB1, 0x05, 0x08, 0x17, 0xE6, 0x3E,
    0x9C, 0x7B, 0xA1, 0x40, 0x80, 0xCB, 0x01, 0x06, 0x17, 0x36, 0x7C, 0x14,
    0x01, 0x88, 0x01, 0xA0, 0x41, 0x07, 0xB8, 0x32, 0xD1, 0x08, 0x00, 0x0B,
    0x98, 0x2F, 0x6B, 0xE6, 0x0C, 0x14, 0x03, 0x8F, 0xC5, 0x06, 0x62, 0x5B,
    0x4E, 0x7D, 0xB9, 0x40, 0x6C, 0x0B, 0x13, 0x4A, 0x34, 0x64, 0xA0, 0x18,
    0x75, 0xEA, 0xD5, 0xAC, 0x83, 0x1A, 0x10, 0x01, 0x98, 0x36, 0xE6, 0xD0,
    0x39, 0x24, 0x42, 0xA0, 0x0D, 0x3C, 0xB8, 0x4E, 0x0E, 0xB0, 0x0D, 0x3C,
    0x30, 0x4E, 0x3D, 0x80, 0x6D, 0x04, 0x10, 0x34, 0x24, 0xAC, 0xC0, 0xC0,
    0x42, 0x6C, 0x03, 0xCC, 0x09, 0x3B, 0xFF, 0xEF, 0x59, 0x80, 0x78, 0xF5,
    0xEA, 0x22, 0x06, 0x2B, 0xAC, 0x01, 0x20, 0x47, 0xE8, 0xD4, 0x03, 0x9A,
    0x8F, 0xAF, 0x09, 0xFD, 0x80, 0xF4, 0xF3, 0xF8, 0xAF, 0x2F, 0x30, 0x5D,
    0xB0, 0xC2, 0x82, 0xCA, 0xD4, 0x3D, 0x90, 0xD7, 0x5E, 0xF3, 0xE1, 0x54,
    0x1E, 0x7E, 0x08, 0x8A, 0x70, 0x00, 0x00, 0x2A, 0x18, 0x84, 0x01, 0x00,
    0x07, 0x04, 0x66, 0xDC, 0x05, 0xE2, 0x15, 0x48, 0x13, 0x07, 0x0E, 0x1C,
    0x70, 0xC0, 0x74, 0x08, 0x22, 0x58, 0x00, 0x02, 0x1B, 0x48, 0x36, 0xD0,
    0x83, 0x08, 0x54, 0x87, 0x80, 0x7F, 0x16, 0xDA, 0xF4, 0x80, 0x79, 0x1D,
    0xE2, 0x07, 0xC2, 0x82, 0x1C, 0x14, 0x44, 0xA2, 0x89, 0x15, 0xA6, 0xF8,
    0x92, 0x03, 0x19, 0x1E, 0xD0, 0x40, 0x8B, 0x2D, 0x7E, 0xE8, 0x80, 0x88,
    0x00, 0xE0, 0x58, 0x22, 0x75, 0xF2, 0xD9, 0xE8, 0x52, 0x03, 0x20, 0xF0,
    0xD8, 0xE2, 0x00, 0x06, 0x00, 0x10, 0x63, 0x41, 0x43, 0x1A, 0x57, 0xA4,
    0x91, 0x29, 0x61, 0x80, 0x80, 0x8E, 0x4A, 0xF2, 0xE8, 0xE3, 0x5C, 0x0C,
    0x74, 0x67, 0x1F, 0x8D, 0x9B, 0x51, 0xC9, 0x52, 0x03, 0x12, 0x66, 0xD9,
    0x21, 0x93, 0x4E, 0x32, 0x08, 0x61, 0x92, 0x60, 0x8A, 0xA9, 0x12, 0x06,
    0x35, 0x20, 0xB0, 0xA3, 0x99, 0x5A, 0x22, 0xE0, 0xC0, 0x02, 0x29, 0x5C,
    0x00, 0xDE, 0x79, 0x53, 0xBA, 0x59, 0x12, 0x9D, 0x59, 0xA2, 0x49, 0x61,
    0x84, 0xF8, 0xE5, 0x15, 0xA6, 0x9F, 0x24, 0x39, 0x80, 0x80, 0x9C, 0x80,
    0x2A, 0x89, 0x57, 0x06, 0x10, 0x22, 0x78, 0x80, 0x05, 0x87, 0x22, 0x0A,
    0x12, 0x5A, 0x00, 0x14, 0xD7, 0x28, 0x8F, 0x03, 0x14, 0x20, 0xD0, 0x01,
    0x1D, 0xF6, 0x69, 0xE9, 0x46, 0x15, 0x70, 0x10, 0xE5, 0xA6, 0x5A, 0x5A,
    0xC0, 0x00, 0xA8, 0x08, 0x8A, 0x3A, 0x2A, 0x46, 0x73, 0xE9, 0xFF, 0x80,
    0xAA, 0x99, 0x9D, 0x46, 0xDA, 0x6A, 0x8D, 0xAF, 0x72, 0xC4, 0x80, 0xA9,
    0xB3, 0x9A, 0x29, 0x20, 0xAB, 0xF8, 0xB9, 0x9A, 0x2B, 0x45, 0x73, 0xF9,
    0xD6, 0xAB, 0x92, 0x9D, 0x22, 0x50, 0x66, 0x9B, 0xC3, 0x6E, 0xA4, 0x06,
    0x0B, 0xA7, 0x1E, 0xDB, 0x23, 0xB0, 0x7C, 0xE2, 0xDA, 0xAC, 0x45, 0x5A,
    0x00, 0x70, 0x81, 0xB4, 0xDC, 0xFE, 0x66, 0xED, 0xB5, 0x14, 0xE1, 0x60,
    0x41, 0xB4, 0xDD, 0xF6, 0x6A, 0xE7, 0x02, 0x15, 0xA0, 0x85, 0x29, 0xB8,
    0x10, 0xE9, 0x46, 0x6E, 0xB9, 0xC7, 0xAA, 0xC7, 0x2E, 0x45, 0x25, 0x28,
    0x0A, 0x2F, 0xBC, 0xC9, 0xA1, 0x80, 0xC2, 0x11, 0x28, 0x40, 0x00, 0xC0,
    0xBA, 0xF3, 0x26, 0x34, 0xE3, 0xBD, 0xE5, 0x0E, 0xB6, 0x83, 0x07, 0x0A,
    0x78, 0xF0, 0x04, 0x00, 0x6B, 0x04, 0xBC, 0x10, 0x06, 0x56, 0x12, 0x5C,
    0x30, 0x04, 0x34, 0x20, 0xAC, 0x30, 0x04, 0xFA, 0xB2, 0xE0, 0xF0, 0x41,
    0xDA, 0xBD, 0x2B, 0x31, 0xAA, 0x45, 0x28, 0x20, 0xF2, 0xC8, 0x22, 0x7B,
    0x20, 0x05, 0x00, 0x36, 0x6C, 0x4C, 0x90, 0x06, 0xAB, 0x7E, 0xDC, 0x2D,
    0x08, 0x5C, 0x90, 0x3C, 0xB2, 0x00, 0x52, 0x50, 0x41, 0x45, 0x08, 0x2A,
    0x03, 0xA0, 0x1D, 0xB5, 0x2E, 0xF7, 0x5A, 0x84, 0x00, 0x40, 0x03, 0x8D,
    0x30, 0xC9, 0x1E, 0xEC, 0xA0, 0xD7, 0xC6, 0x3B, 0xF7, 0xCC, 0xED, 0xCF,
    0x41, 0x47, 0x30, 0xF4, 0xC8, 0x45, 0x1F, 0x1D, 0x70, 0x88, 0x3C, 0x2B,
    0xDD, 0x68, 0xD0, 0x58, 0x67, 0x2D, 0x00, 0xD1, 0x46, 0xA7, 0x00, 0xC0,
    0x11, 0x34, 0xF8, 0x4B, 0xA0, 0xA5, 0xA6, 0x11, 0x6A, 0x35, 0xAA, 0x02,
    0x0C, 0xA1, 0x75, 0xD3, 0x5B, 0x43, 0x4D, 0xC3, 0x40, 0x47, 0x28, 0x20,
    0xB6, 0xA5, 0x4C, 0x54, 0x50, 0xF5, 0xD9, 0x80, 0xAE, 0xAD, 0x77, 0xDB,
    0x24, 0xD3, 0xFF, 0x80, 0x06, 0xCB, 0xA3, 0x3A, 0x00, 0x80, 0x01, 0xCB,
    0xE2, 0x9D, 0xF7, 0xDE, 0x58, 0x47, 0xC0, 0xB7, 0x07, 0x20, 0x20, 0x2C,
    0x10, 0x90, 0x62, 0x32, 0xB1, 0xC0, 0x9E, 0x86, 0xA3, 0x8D, 0xB8, 0xDE,
    0x09, 0x2B, 0xD0, 0xC5, 0x0C, 0x27, 0x48, 0xED, 0xA6, 0xE0, 0x84, 0x57,
    0x8E, 0xB6, 0xDA, 0x40, 0x47, 0x60, 0xFA, 0xE9, 0xA7, 0x67, 0xAD, 0x00,
    0x08, 0x34, 0x9C, 0x20, 0x80, 0x17, 0x9E, 0x53, 0xA9, 0x41, 0x09, 0x94,
    0x8B, 0xBE, 0x69, 0xD3, 0x2E, 0x8C, 0xA0, 0xBB, 0xEE, 0x4D, 0x8C, 0xE0,
    0x82, 0xE2, 0x5A, 0xCF, 0x30, 0xC2, 0x09, 0x63, 0x8B, 0x09, 0x7A, 0xE1,
    0xB6, 0x9B, 0x29, 0x80, 0xE2, 0x11, 0x28, 0x71, 0x50, 0x0C, 0x2F, 0xA0,
    0x5E, 0x7A, 0x04, 0x9D, 0x17, 0x6F, 0xA4, 0x5B, 0xB5, 0x27, 0x0F, 0x68,
    0x0B, 0xDC, 0xB7, 0x00, 0xC6, 0x01, 0x21, 0x40, 0x60, 0x83, 0x0D, 0x21,
    0x90, 0xAF, 0xC4, 0x08, 0xBD, 0xC7, 0x10, 0xB4, 0x18, 0x53, 0x40, 0x2E,
    0x66, 0x01, 0xC8, 0x6B, 0x0F, 0xE8, 0x00, 0x0B, 0x6E, 0x90, 0xD0, 0x08,
    0xA6, 0x0B, 0xF0, 0xB8, 0x9B, 0x18, 0x68, 0x20, 0xDD, 0x9C, 0xF2, 0x03,
    0xD4, 0x07, 0x56, 0x80, 0x99, 0x03, 0x2C, 0xC0, 0x7E, 0x03, 0xE9, 0x40,
    0x08, 0x16, 0x18, 0x82, 0x13, 0xC4, 0x20, 0x06, 0xC3, 0x43, 0x54, 0x8C,
    0x0A, 0xC0, 0xA6, 0x00, 0x02, 0x8A, 0x00, 0x14, 0x28, 0x20, 0x00, 0x10,
    0x18, 0xB0, 0x0B, 0xE8, 0xC9, 0x82, 0xA8, 0xA2, 0xC0, 0x00, 0x2F, 0xD3,
    0x80, 0x03, 0x68, 0xE0, 0x41, 0x08, 0x61, 0xE0, 0xA8, 0x1E, 0x10, 0x3F,
    0x10, 0xF2, 0x28, 0x01, 0x19, 0x04, 0x0C, 0x8C, 0xE6, 0xB5, 0x00, 0x07,
    0x14, 0xE0, 0x01, 0x00, 0x74, 0x21, 0x9D, 0x62, 0x48, 0xC2, 0x03, 0x6C,
    0x00, 0x85, 0xD7, 0xD2, 0x0E, 0x92, 0xFF, 0x74, 0x28, 0x2D, 0x34, 0x3D,
    0xA9, 0x59, 0x17, 0xF0, 0x1F, 0x11, 0xBB, 0x55, 0xC2, 0x7E, 0xF5, 0x00,
    0x67, 0xCD, 0x22, 0xD3, 0x12, 0x8B, 0xD8, 0xA4, 0x66, 0x2D, 0x61, 0x02,
    0x76, 0x99, 0x22, 0x13, 0xB3, 0x10, 0x84, 0x1B, 0xB8, 0xA0, 0x07, 0x53,
    0xE8, 0x41, 0xE7, 0x10, 0xA5, 0x29, 0x2D, 0x4A, 0x6B, 0x79, 0x2F, 0x70,
    0xC2, 0xA8, 0xEA, 0x32, 0x1B, 0x33, 0x72, 0xAB, 0x05, 0xCB, 0x9B, 0x41,
    0x10, 0xBA, 0xE8, 0x82, 0xD8, 0xA5, 0xA8, 0x8C, 0x74, 0x0A, 0xCD, 0x7B,
    0xDC, 0x18, 0x00, 0x10, 0x0C, 0xE1, 0x74, 0x2F, 0xD0, 0x5F, 0xA5, 0x9C,
    0x53, 0x01, 0x21, 0x78, 0x67, 0x56, 0xDF, 0xF9, 0x4E, 0x0E, 0xA7, 0x08,
    0x02, 0xE0, 0x45, 0xE0, 0x0C, 0x31, 0xB0, 0x9E, 0x85, 0xE6, 0xF7, 0x1E,
    0x83, 0x2C, 0x32, 0x50, 0x7A, 0xCC, 0xE4, 0xCB, 0x14, 0x17, 0x86, 0x17,
    0xCC, 0xE0, 0x5B, 0xAC, 0x61, 0x00, 0x64, 0x0C, 0xD0, 0x46, 0x25, 0x35,
    0xA0, 0x31, 0x06, 0xC8, 0x00, 0x64, 0x20, 0xF3, 0xC1, 0x1D, 0x52, 0xA0,
    0x31, 0xB0, 0x2C, 0xC0, 0x25, 0x37, 0x05, 0xC7, 0x08, 0xCC, 0xC0, 0x8B,
    0xC4, 0xB3, 0x91, 0x10, 0xF0, 0x88, 0x1F, 0xD1, 0x88, 0xA0, 0x01, 0x0A,
    0xD1, 0x0D, 0x87, 0xB2, 0x44, 0x00, 0x09, 0x28, 0xE4, 0x40, 0xC7, 0x5A,
    0x01, 0x08, 0xD2, 0x68, 0xA3, 0x05, 0x8C, 0x32, 0x7B, 0xF8, 0x39, 0xE5,
    0x5D, 0x0C, 0x30, 0x81, 0x2D, 0x98, 0xC5, 0x5F, 0x04, 0xA9, 0xD7, 0x2C,
    0xA9, 0x43, 0x81, 0x6E, 0x52, 0x20, 0x01, 0x04, 0xE0, 0xC0, 0x04, 0x34,
    0x00, 0x17, 0xB3, 0xE8, 0x60, 0x02, 0x07, 0x90, 0x25, 0x37, 0x5F, 0x99,
    0x25, 0x2C, 0x78, 0xB1, 0x0A, 0x50, 0xB4, 0x90, 0x05, 0x44, 0xD3, 0xCB,
    0xC0, 0x88, 0xC0, 0x53, 0x0E, 0xD1, 0xCD, 0x36, 0x69, 0xB3, 0xFF, 0x02,
    0x09, 0xF8, 0x53, 0x02, 0x09, 0x48, 0x40, 0x83, 0xDC, 0x37, 0x90, 0xD0,
    0xA5, 0xE6, 0x9B, 0x30, 0xC0, 0x01, 0x60, 0x5A, 0x08, 0x1F, 0x7C, 0x5A,
    0xA8, 0x04, 0x10, 0xF0, 0x0E, 0x34, 0x8D, 0xF3, 0x80, 0xC6, 0x1C, 0x60,
    0x02, 0x3A, 0x28, 0x8B, 0xE0, 0x12, 0x52, 0x82, 0x0D, 0xEC, 0x13, 0x33,
    0xDD, 0x24, 0x00, 0x38, 0x03, 0x6A, 0x02, 0x12, 0x00, 0x80, 0xA0, 0x69,
    0x98, 0x00, 0x34, 0xBF, 0xF9, 0x03, 0x36, 0x96, 0xF2, 0x3C, 0x05, 0xA8,
    0x02, 0x0A, 0x6C, 0xA4, 0xAC, 0x0E, 0x29, 0x88, 0x5E, 0x00, 0x18, 0x66,
    0x75, 0x28, 0xE0, 0x4F, 0x02, 0xF8, 0x34, 0x01, 0xC6, 0xFC, 0x17, 0x42,
    0x04, 0x07, 0x3F, 0xDA, 0x20, 0x94, 0x20, 0xBC, 0x34, 0x8E, 0xA7, 0x36,
    0xEA, 0x1C, 0x0C, 0x38, 0x20, 0x07, 0x5F, 0xAA, 0xCE, 0x03, 0xA6, 0x3A,
    0x55, 0xEC, 0x64, 0x74, 0x9C, 0x0F, 0x19, 0x03, 0x96, 0xF0, 0x43, 0x01,
    0x91, 0xFA, 0xD4, 0xAB, 0x0D, 0x02, 0x18, 0x41, 0x30, 0xB0, 0xAA, 0x4B,
    0x7E, 0x20, 0x01, 0x66, 0xC0, 0xC1, 0x04, 0x2A, 0xA3, 0x53, 0x12, 0xE2,
    0xB0, 0x36, 0x41, 0xB2, 0xD0, 0x01, 0x58, 0x64, 0x9C, 0x01, 0xE4, 0xE5,
    0x22, 0x85, 0xF9, 0x68, 0x00, 0x78, 0x0A, 0xCE, 0xAF, 0x06, 0xD4, 0xA4,
    0x62, 0x25, 0xC8, 0xF1, 0x8C, 0x03, 0xCE, 0x24, 0x20, 0xB5, 0x4C, 0xF4,
    0x03, 0x00, 0xFC, 0x6A, 0xC5, 0x54, 0xCE, 0x14, 0x2B, 0xAA, 0x98, 0xA1,
    0x2A, 0x55, 0xB1, 0x73, 0x81, 0xB2, 0x0C, 0xB2, 0x21, 0x2C, 0xD8, 0xEA,
    0x79, 0xBA, 0xDA, 0xD7, 0x9F, 0x02, 0x01, 0xB0, 0x09, 0x71, 0x00, 0xED,
    0x8C, 0xB3, 0x82, 0xC2, 0xD6, 0xA0, 0x02, 0x4B, 0x80, 0xC0, 0x0D, 0x53,
    0x53, 0x80, 0x2F, 0xC8, 0xB2, 0x01, 0x06, 0x60, 0x00, 0x10, 0x39, 0x13,
    0x23, 0x03, 0xFF, 0x58, 0x01, 0xB1, 0x01, 0x00, 0x49, 0x87, 0xF8, 0xFA,
    0x55, 0xAF, 0x36, 0x64, 0xB0, 0xA9, 0x29, 0x6D, 0x50, 0x0B, 0x22, 0xC5,
    0xCB, 0x28, 0x48, 0x3A, 0x69, 0x6A, 0x2A, 0x84, 0x24, 0x4B, 0xD5, 0xD7,
    0x08, 0x01, 0x02, 0xD0, 0x0D, 0x6C, 0x44, 0x36, 0xC0, 0x28, 0xAE, 0x02,
    0xB4, 0xB7, 0x09, 0x88, 0x42, 0x83, 0x1E, 0x56, 0x56, 0xE3, 0x7C, 0xE0,
    0x03, 0x3E, 0xF0, 0x81, 0x49, 0x01, 0x00, 0xDD, 0xD5, 0x5E, 0x86, 0x49,
    0xF6, 0x81, 0x58, 0xCE, 0x1E, 0xB2, 0xDB, 0xEB, 0xFA, 0x14, 0xA0, 0xC3,
    0x65, 0x88, 0xE0, 0xCC, 0x46, 0x1B, 0x70, 0x82, 0x76, 0x20, 0x2C, 0x04,
    0x4C, 0x15, 0x53, 0xB4, 0x00, 0x16, 0xE0, 0x08, 0x47, 0xFE, 0xED, 0x08,
    0x75, 0xF7, 0xB9, 0x82, 0x6E, 0xBA, 0x57, 0xA4, 0x09, 0x90, 0xC1, 0x78,
    0xE5, 0x3B, 0xB9, 0xEA, 0x7C, 0x57, 0xBC, 0x98, 0xBA, 0x00, 0x0B, 0x6E,
    0x38, 0x55, 0x03, 0x52, 0x68, 0xBD, 0x0E, 0x41, 0x10, 0x4F, 0x7B, 0xEB,
    0xD3, 0x0F, 0x10, 0x00, 0x22, 0xA0, 0xC3, 0x4F, 0x02, 0x4C, 0x4A, 0x50,
    0x0C, 0x3F, 0x64, 0x01, 0x1E, 0x23, 0x21, 0x67, 0xFD, 0x2A, 0x01, 0x24,
    0x00, 0x81, 0x3D, 0x0E, 0x09, 0xF1, 0x79, 0x3E, 0x10, 0x23, 0x11, 0x39,
    0x15, 0x47, 0x97, 0x35, 0x31, 0x41, 0xD0, 0x92, 0x81, 0xF3, 0xA0, 0xA9,
    0x0C, 0x1F, 0x90, 0x80, 0x5F, 0x61, 0x20, 0x11, 0xE0, 0x56, 0x27, 0x2F,
    0x25, 0xD6, 0xB1, 0x42, 0x78, 0x4C, 0x9D, 0x06, 0x38, 0xD9, 0x00, 0x38,
    0x20, 0x02, 0x50, 0x7F, 0x9A, 0x80, 0x17, 0x73, 0xB0, 0x21, 0x1A, 0xB0,
    0x1B, 0x82, 0x90, 0xAC, 0xE4, 0x88, 0x60, 0xAA, 0xAE, 0x0B, 0x12, 0x88,
    0x09, 0x82, 0x3C, 0x64, 0x50, 0x2E, 0x64, 0xBE, 0xF8, 0xA1, 0x50, 0x92,
    0xBB, 0x7C, 0x10, 0xFF, 0xBC, 0xCB, 0xA8, 0x84, 0x19, 0x58, 0x00, 0x11,
    0xC8, 0x8C, 0x60, 0x19, 0xA4, 0x20, 0xC7, 0x0A, 0xF9, 0xD1, 0xDD, 0x48,
    0xC8, 0x65, 0x36, 0xEF, 0x86, 0x2E, 0xD4, 0x59, 0x90, 0x06, 0xEC, 0x47,
    0x06, 0x3A, 0x27, 0x18, 0x00, 0x5E, 0x2B, 0x32, 0x84, 0x5A, 0xC8, 0x83,
    0x93, 0xFA, 0xD9, 0x21, 0x73, 0xE9, 0xB1, 0x71, 0x0E, 0x50, 0x81, 0x0D,
    0x6C, 0x80, 0x04, 0x52, 0x16, 0xB2, 0x48, 0x65, 0x80, 0xA7, 0x89, 0xA0,
    0xB9, 0xC9, 0x8D, 0x5E, 0xF3, 0xA3, 0x07, 0x12, 0xE9, 0x40, 0x03, 0xC0,
    0xA4, 0x63, 0xD6, 0xF4, 0xA6, 0x11, 0x4D, 0x11, 0xFB, 0x99, 0x0D, 0x98,
    0xA3, 0x96, 0x48, 0xA9, 0x27, 0x9D, 0x01, 0x54, 0x4F, 0xF9, 0xA7, 0xDA,
    0x4D, 0xB4, 0x44, 0x5C, 0x8D, 0x19, 0x58, 0xC7, 0x1A, 0x22, 0xB3, 0x9E,
    0xB4, 0x98, 0x6F, 0xFD, 0x53, 0x24, 0x98, 0xF9, 0xD7, 0x23, 0x09, 0x36,
    0x6D, 0x0E, 0x40, 0x21, 0x13, 0x10, 0x5B, 0xA4, 0x3F, 0x50, 0x01, 0x9E,
    0x91, 0x1D, 0x12, 0x65, 0x2F, 0x1B, 0x00, 0xCE, 0x56, 0xF5, 0x4F, 0x89,
    0x2C, 0x6A, 0x6A, 0x77, 0xC4, 0xDA, 0xA9, 0x69, 0x52, 0xB6, 0x39, 0x9C,
    0x80, 0x1F, 0x38, 0x9A, 0x33, 0x01, 0x01, 0x00, 0x21, 0xF9, 0x04, 0x09,
    0x04, 0x00, 0x00, 0x00, 0x2C, 0x00, 0x00, 0x00, 0x00, 0xD7, 0x00, 0x6E,
    0x00, 0x86, 0x00, 0x00, 0x00, 0x54, 0x85, 0xA7, 0x99, 0xAA, 0xA8, 0x5C,
    0x92, 0xB7, 0x54, 0x84, 0xA7, 0x3A, 0x60, 0x7E, 0x54, 0x85, 0xA8, 0x7F,
    0x7F, 0x7F, 0x53, 0x85, 0xA7, 0x3C, 0x63, 0x83, 0x54, 0x84, 0xA7, 0x3E,
    0x7F, 0xBE, 0x54, 0x85, 0xA7, 0x53, 0x84, 0xA7, 0x00, 0xFF, 0xFF, 0x66,
    0x99, 0x99, 0x7B, 0x92, 0x9C, 0xA5, 0xB5, 0xB0, 0x55, 0x86, 0xA7, 0x39,
    0x5D, 0x7C, 0x4A, 0x77, 0x98, 0x54, 0x7E, 0xA7, 0x55, 0xAA, 0xAA, 0x3F,
    0x7F, 0x7F, 0x00, 0x00, 0xFF, 0x6E, 0x95, 0xAC, 0x55, 0x55, 0xAA, 0x9B,
    0xAC, 0xA8, 0x56, 0x7C, 0x9A, 0xFF, 0xFF, 0xFF, 0x66, 0x99, 0xCC, 0x41,
    0x6A, 0x8B, 0x83, 0x9B, 0xA4, 0x3A, 0x5E, 0x7D, 0x00, 0x7F, 0x7F, 0x7F,
    0x7F, 0xFF, 0x3C, 0x62, 0x82, 0x99, 0x99, 0x99, 0x61, 0x9B, 0xC3, 0x3A,
    0x5E, 0x7E, 0x55, 0x55, 0x55, 0x39, 0x5D, 0x7D, 0x7B, 0x92, 0x9C, 0x4A,
    0x91, 0xB4, 0x38, 0x65, 0x77, 0x4F, 0x7E, 0xA1, 0x9C, 0xAD, 0xA9, 0x37,
    0x58, 0x7B, 0xB7, 0xC9, 0xC4, 0x7B, 0x92, 0x9C, 0x9C, 0xAC, 0xA9, 0x4F,
    0x7F, 0xA7, 0x74, 0x8E, 0x9C, 0x33, 0x66, 0x99, 0x66, 0x66, 0x99, 0x3A,
    0x60, 0x7E, 0x99, 0xCC, 0xCC, 0x3A, 0x5C, 0x7C, 0x7F, 0xFF, 0xFF, 0x5A,
    0x92, 0xB2, 0xBC, 0xBC, 0xBC, 0x3F, 0x3F, 0x7F, 0xAA, 0xAA, 0xAA, 0x96,
    0xB3, 0xAB, 0x3F, 0x7F, 0x9F, 0x7B, 0x92, 0x9C, 0x48, 0x6D, 0x6D, 0x6F,
    0x93, 0xA8, 0x65, 0x8E, 0xA7, 0x9C, 0xAC, 0xA8, 0x79, 0x88, 0x94, 0x55,
    0x7F, 0x7F, 0xA2, 0xB4, 0xAF, 0x7F, 0xBF, 0x7F, 0x7F, 0xBF, 0xBF, 0xA1,
    0xAF, 0xA8, 0x55, 0xAA, 0xFF, 0x3D, 0x63, 0x82, 0x6A, 0x93, 0xB4, 0x49,
    0x93, 0x93, 0x9A, 0xAC, 0xA9, 0xA9, 0xB8, 0xB2, 0xA6, 0xB6, 0xB2, 0x82,
    0x9A, 0xA5, 0x4E, 0x7F, 0x9D, 0x3B, 0x60, 0x7E, 0x83, 0x99, 0xA0, 0x3B,
    0x60, 0x81, 0xB0, 0xC2, 0xBD, 0x48, 0x6D, 0x91, 0x7B, 0x91, 0x9C, 0x33,
    0x66, 0xCC, 0x33, 0x99, 0xCC, 0xA2, 0xB1, 0xAA, 0x76, 0x97, 0xA7, 0x55,
    0x55, 0xFF, 0x40, 0x66, 0x86, 0x55, 0x85, 0x9D, 0x7D, 0x96, 0x9A, 0x3D,
    0x67, 0x88, 0x48, 0x6D, 0xB6, 0x99, 0xCC, 0x99, 0x66, 0x7F, 0x99, 0x3A,
    0x60, 0x7E, 0x38, 0x63, 0x7F, 0x4F, 0x7E, 0xA1, 0x3B, 0x5F, 0x80, 0x3A,
    0x5E, 0x83, 0xAA, 0xD4, 0xAA, 0xA3, 0xB3, 0xAE, 0xBB, 0xC0, 0xAB, 0x9A,
    0xAF, 0xAA, 0x7F, 0xAA, 0xAA, 0x9F, 0xAA, 0xAA, 0x7F, 0x7F, 0xBF, 0x00,
    0x55, 0xAA, 0x00, 0x00, 0x00, 0x00, 0x00, 0x00, 0x00, 0x00, 0x00, 0x00,
    0x00, 0x00, 0x00, 0x00, 0x00, 0x00, 0x00, 0x00, 0x00, 0x00, 0x00, 0x00,
    0x00, 0x00, 0x00, 0x00, 0x00, 0x00, 0x00, 0x00, 0x00, 0x00, 0x00, 0x00,
    0x00, 0x00, 0x08, 0xFF, 0x00, 0x01, 0x08, 0x1C, 0x48, 0xB0, 0xA0, 0xC1,
    0x83, 0x08, 0x13, 0x2A, 0x5C, 0xC8, 0xB0, 0xA1, 0xC3, 0x87, 0x10, 0x23,
    0x4A, 0x9C, 0x48, 0xB1, 0xA2, 0xC5, 0x8B, 0x18, 0x33, 0x6A, 0xDC, 0xC8,
    0xB1, 0xA3, 0xC7, 0x8F, 0x20, 0x43, 0x8A, 0x1C, 0x49, 0xB2, 0xA4, 0xC9,
    0x93, 0x28, 0x53, 0xAA, 0x5C, 0xC9, 0xB2, 0xA5, 0xCB, 0x97, 0x30, 0x63,
    0xCA, 0x9C, 0x49, 0xB3, 0xA6, 0xCD, 0x9B, 0x38, 0x73, 0xEA, 0xDC, 0xC9,
    0xB3, 0xA7, 0xCF, 0x9F, 0x40, 0x83, 0x0A, 0x1D, 0x4A, 0xB4, 0xA8, 0xD1,
    0xA3, 0x48, 0x93, 0x2A, 0x5D, 0xCA, 0xB4, 0xA9, 0xD3, 0xA7, 0x50, 0xA3,
    0x4A, 0x9D, 0x4A, 0xB5, 0xAA, 0xD5, 0xAB, 0x58, 0xB3, 0x6A, 0xDD, 0xCA,
    0xB5, 0xAB, 0xD7, 0xAF, 0x60, 0xC3, 0x8A, 0x1D, 0x4B, 0xB6, 0xAC, 0xD9,
    0xB3, 0x68, 0xD3, 0xAA, 0xC5, 0xE8, 0xC0, 0xC3, 0x83, 0xB7, 0x0F, 0xDC,
    0xAE, 0x9D, 0x4B, 0xB7, 0xEB, 0x01, 0xB7, 0x4F, 0x1E, 0x20, 0x30, 0xC0,
    0xB7, 0xAF, 0x01, 0x0E, 0x0F, 0x2A, 0x60, 0xA0, 0x08, 0xF7, 0xC1, 0xE0,
    0xBA, 0x43, 0x11, 0x64, 0x18, 0xC0, 0x98, 0x71, 0x80, 0x23, 0x88, 0xAF,
    0x6A, 0x58, 0xA1, 0xD7, 0x2F, 0x81, 0x00, 0x98, 0x33, 0x07, 0xE8, 0x2B,
    0xE1, 0xC1, 0x88, 0x88, 0x12, 0xFC, 0x72, 0x88, 0xDC, 0xD3, 0x80, 0x89,
    0x00, 0x8E, 0x35, 0x67, 0x6E, 0x3C, 0x23, 0xA2, 0x03, 0x00, 0x73, 0x50,
    0x33, 0x46, 0x00, 0xE0, 0x00, 0x69, 0x9A, 0x16, 0x2A, 0x2C, 0xD8, 0x6B,
    0xA0, 0x81, 0xEA, 0xDF, 0x9A, 0x09, 0x18, 0xE8, 0x6C, 0xA1, 0xA1, 0x83,
    0xD0, 0x9A, 0x69, 0xDB, 0xBE, 0x5D, 0x93, 0xC0, 0x69, 0xE0, 0xD0, 0x31,
    0x67, 0xA0, 0xDD, 0x50, 0x04, 0x00, 0x09, 0xAA, 0x95, 0x33, 0x7F, 0x99,
    0x7B, 0x81, 0x82, 0xEF, 0xBE, 0xA3, 0x8B, 0xFF, 0x27, 0xA0, 0x00, 0xC1,
    0x81, 0xD7, 0x08, 0x31, 0x2C, 0x58, 0x80, 0x3D, 0x79, 0xED, 0xED, 0x31,
    0x1B, 0x3C, 0x17, 0x4F, 0xDF, 0x84, 0x02, 0x00, 0x2C, 0x18, 0x72, 0xC8,
    0xFE, 0x1E, 0xBE, 0xCA, 0x0B, 0xDE, 0x7D, 0xC7, 0x00, 0x7D, 0x04, 0x62,
    0x46, 0x00, 0x02, 0x17, 0xA0, 0x47, 0x10, 0x06, 0x18, 0x48, 0xF0, 0x9D,
    0x01, 0xFC, 0x2D, 0xE7, 0x9F, 0x4A, 0x0C, 0x64, 0x50, 0xE0, 0x85, 0x19,
    0xDC, 0x57, 0x83, 0x41, 0x1A, 0x00, 0x80, 0xC0, 0x00, 0xC0, 0x69, 0x37,
    0xA1, 0x49, 0x16, 0x58, 0x20, 0xE0, 0x85, 0x28, 0x1E, 0xB8, 0x80, 0x82,
    0x00, 0x60, 0x70, 0x00, 0x72, 0xBF, 0x35, 0x20, 0x01, 0x00, 0x1D, 0x8C,
    0x88, 0x12, 0x6A, 0x28, 0xA2, 0x38, 0x80, 0x01, 0x00, 0x6C, 0x38, 0x50,
    0x87, 0x0A, 0x80, 0xF8, 0xDB, 0x8C, 0x12, 0xDA, 0x18, 0x92, 0x06, 0x7A,
    0x29, 0x30, 0x60, 0x8E, 0x29, 0x4A, 0xB0, 0xC0, 0x61, 0x00, 0x74, 0x88,
    0x00, 0x74, 0x22, 0x1A, 0x39, 0x12, 0x8E, 0x4C, 0xEA, 0xC8, 0xE3, 0x02,
    0x3F, 0x7A, 0x48, 0x65, 0x7F, 0x56, 0x7E, 0x04, 0x04, 0x02, 0x53, 0x66,
    0xC9, 0x24, 0x01, 0x4E, 0x1E, 0xD6, 0xC3, 0x08, 0x65, 0xFE, 0x56, 0x65,
    0x98, 0x1B, 0xBD, 0xD6, 0x9E, 0x99, 0x4C, 0xEE, 0x08, 0x00, 0x97, 0x03,
    0xB5, 0x19, 0x21, 0x9C, 0x1D, 0x59, 0xB0, 0x82, 0x9E, 0x74, 0xA6, 0xA8,
    0x5B, 0x8D, 0x15, 0x20, 0xA0, 0xC0, 0x97, 0x45, 0xF2, 0x99, 0x51, 0x05,
    0x81, 0x9A, 0x39, 0x00, 0x01, 0x00, 0x8C, 0x16, 0x64, 0x74, 0x6F, 0x2A,
    0x6A, 0x11, 0x07, 0x64, 0x36, 0x6A, 0x26, 0x9A, 0x1C, 0x54, 0x00, 0x21,
    0xA5, 0x60, 0x5A, 0x4A, 0xD1, 0x67, 0x80, 0x6A, 0xAA, 0x23, 0xA4, 0x06,
    0x08, 0x09, 0x1D, 0x91, 0xA2, 0x5A, 0xF4, 0xC5, 0x0A, 0x87, 0x9A, 0xFF,
    0x6A, 0xA6, 0x8C, 0xB1, 0x52, 0x6A, 0x43, 0xA2, 0xAD, 0x3E, 0x34, 0x58,
    0xA9, 0xB2, 0x5E, 0xF8, 0xE8, 0xA4, 0xE2, 0x55, 0x9A, 0x6B, 0x43, 0x1C,
    0xC0, 0xDA, 0x2B, 0x9D, 0xE4, 0x11, 0x28, 0xEC, 0xB0, 0x09, 0x15, 0x57,
    0xEB, 0xB1, 0xD0, 0xBA, 0x87, 0x2B, 0xB3, 0x08, 0xE5, 0xF6, 0x6C, 0xB4,
    0xD1, 0x2E, 0x4B, 0x6D, 0x41, 0x28, 0x00, 0x70, 0x2D, 0xB6, 0xD0, 0x6A,
    0xBB, 0xED, 0x40, 0x40, 0x38, 0xF1, 0x2D, 0xB8, 0xBD, 0x8A, 0xBB, 0x2D,
    0x97, 0x9F, 0xA2, 0x0B, 0xAE, 0xBA, 0xD4, 0x2E, 0x70, 0x40, 0xAA, 0xEE,
    0xBE, 0xEB, 0xE2, 0xB8, 0x07, 0xB1, 0x5B, 0xAF, 0xBB, 0xAD, 0x7D, 0x86,
    0x2F, 0x41, 0xEC, 0xAA, 0xBA, 0x2F, 0xB4, 0xFD, 0xFE, 0x2B, 0x90, 0xBE,
    0x03, 0xA3, 0x4B, 0x5B, 0x0C, 0x20, 0x40, 0x00, 0x82, 0x16, 0x00, 0xC8,
    0x11, 0x2F, 0x00, 0x04, 0x08, 0x9C, 0xF0, 0xB1, 0xB4, 0xA9, 0xD0, 0xB0,
    0x00, 0x10, 0x53, 0xCB, 0x84, 0x08, 0x97, 0x5D, 0x0C, 0x2E, 0x0D, 0x10,
    0x94, 0x6C, 0x32, 0x04, 0x1A, 0x07, 0x71, 0x00, 0x0E, 0x35, 0x2A, 0xCA,
    0x65, 0xC5, 0x22, 0x63, 0x9B, 0x41, 0xC3, 0x26, 0xCF, 0x0C, 0x81, 0x00,
    0x41, 0xB4, 0xCA, 0x85, 0x05, 0x21, 0xC7, 0x1C, 0x2D, 0x0D, 0x02, 0x04,
    0x1D, 0x34, 0xCD, 0x25, 0xAB, 0x30, 0x45, 0x10, 0x16, 0x94, 0x50, 0xE4,
    0xB4, 0xB7, 0xC1, 0xEC, 0x33, 0xB4, 0x40, 0x0B, 0x1D, 0x01, 0xD1, 0x10,
    0x64, 0x20, 0x40, 0x0C, 0x70, 0x5A, 0x30, 0x02, 0x01, 0x4B, 0x3E, 0xDD,
    0xAB, 0xD0, 0x60, 0x87, 0x4D, 0xB4, 0xD1, 0x31, 0xF8, 0xF0, 0x80, 0x0F,
    0x46, 0xC4, 0x60, 0x04, 0x8D, 0xB7, 0x5D, 0x00, 0x40, 0x03, 0x16, 0x7B,
    0xDD, 0xA8, 0x00, 0x11, 0x84, 0x0D, 0x76, 0xDD, 0x24, 0x3B, 0x2C, 0x80,
    0x0A, 0x03, 0x99, 0xFF, 0x01, 0xC1, 0xDA, 0x2D, 0x23, 0xA6, 0xC3, 0x05,
    0x3D, 0xCB, 0x2D, 0xAB, 0xDD, 0x88, 0x0B, 0x6D, 0xB2, 0x0A, 0x2A, 0x0C,
    0x11, 0x83, 0x18, 0x0F, 0xB0, 0x58, 0x57, 0x71, 0x70, 0x1B, 0xFE, 0x75,
    0xE2, 0x61, 0xE3, 0x5D, 0x32, 0x08, 0x20, 0x08, 0x00, 0x82, 0x40, 0x92,
    0xCF, 0xE5, 0x81, 0x07, 0x85, 0x5B, 0xAE, 0x29, 0xE6, 0xA8, 0x67, 0x00,
    0x81, 0x15, 0x56, 0xC8, 0xF0, 0x03, 0xDB, 0xA4, 0x75, 0x6D, 0xFA, 0xE9,
    0x4B, 0x48, 0x1D, 0xC1, 0xED, 0xB8, 0xDF, 0x2E, 0xB5, 0x00, 0x19, 0xF0,
    0x0D, 0x40, 0x04, 0xAF, 0x07, 0x3E, 0xD7, 0x02, 0x04, 0x84, 0x37, 0xBB,
    0xA9, 0x44, 0x48, 0x0D, 0xC5, 0x06, 0xCC, 0x37, 0xBF, 0x01, 0x14, 0x75,
    0x87, 0x2D, 0x83, 0x0C, 0x1B, 0xF8, 0x20, 0x3C, 0x5D, 0x0C, 0xC4, 0x7D,
    0x3C, 0x9D, 0x74, 0x2F, 0x11, 0x81, 0x1B, 0x07, 0x6D, 0x00, 0x03, 0xEE,
    0x41, 0x47, 0x30, 0xBE, 0x40, 0xD7, 0xAB, 0x65, 0x43, 0xE9, 0xDB, 0x37,
    0x4A, 0x44, 0x06, 0xF0, 0x0F, 0x81, 0x40, 0x09, 0x70, 0x24, 0x91, 0x44,
    0x09, 0x49, 0x74, 0x81, 0x04, 0xF3, 0x2E, 0x44, 0xCF, 0x7C, 0x09, 0xB7,
    0x69, 0x1F, 0xB8, 0x06, 0x70, 0x1F, 0xB7, 0x1D, 0xE4, 0x0D, 0x58, 0xC0,
    0x82, 0x00, 0x98, 0xC3, 0x01, 0xF6, 0x09, 0x90, 0x4E, 0x14, 0xD0, 0x8C,
    0x02, 0x0E, 0x60, 0x40, 0x81, 0x1C, 0x80, 0x07, 0x25, 0xE0, 0x41, 0x1C,
    0x90, 0xB0, 0xBF, 0x12, 0x28, 0x21, 0x80, 0x74, 0x6A, 0x4C, 0x63, 0x04,
    0x58, 0x80, 0x16, 0x64, 0xA6, 0x80, 0x61, 0xC2, 0xC0, 0x11, 0x2A, 0xE0,
    0xC0, 0x0B, 0xF9, 0x85, 0x2F, 0x02, 0xA4, 0x40, 0x04, 0x31, 0xD3, 0x00,
    0x04, 0xF9, 0xAB, 0x20, 0x1D, 0x28, 0x81, 0x07, 0x99, 0x53, 0xA7, 0x11,
    0x1A, 0x04, 0x4B, 0xC7, 0x4B, 0xC0, 0x0C, 0xFF, 0x33, 0x04, 0x80, 0x2D,
    0xD8, 0xE8, 0x35, 0x2C, 0x6C, 0x21, 0x74, 0x18, 0xF0, 0xC2, 0xC2, 0xBC,
    0x05, 0x86, 0xDB, 0x9B, 0x21, 0x0D, 0x11, 0xB0, 0x80, 0x1B, 0xC2, 0xE7,
    0x35, 0x36, 0x00, 0xA2, 0x78, 0x40, 0x64, 0x82, 0x06, 0x34, 0x44, 0x76,
    0xED, 0x33, 0x01, 0x8F, 0x8C, 0x38, 0x21, 0x07, 0x84, 0x41, 0x89, 0xAA,
    0x69, 0x40, 0x5F, 0x14, 0xF0, 0x80, 0xBC, 0x3C, 0x00, 0x4F, 0x04, 0xA9,
    0xC0, 0x03, 0xC0, 0xD8, 0xBE, 0x06, 0x28, 0xC0, 0x09, 0x3F, 0xC0, 0x81,
    0x0F, 0xB6, 0x63, 0x1B, 0x46, 0xD1, 0x87, 0x8B, 0x90, 0x72, 0x88, 0x6D,
    0xE8, 0xB8, 0x3D, 0x3B, 0x4D, 0xE8, 0x45, 0x68, 0x0C, 0x40, 0x03, 0x08,
    0xC0, 0x48, 0x36, 0xAE, 0xC0, 0x03, 0x15, 0x44, 0xC8, 0x01, 0x16, 0x40,
    0xC8, 0xED, 0x35, 0xC0, 0x0B, 0x2E, 0x90, 0xC2, 0x06, 0x32, 0x88, 0x83,
    0x0F, 0xD6, 0xC5, 0x36, 0x1C, 0xD0, 0x1E, 0x8E, 0xEC, 0x33, 0x91, 0x41,
    0xE6, 0x48, 0x84, 0xA9, 0xA9, 0x17, 0xDD, 0x60, 0x20, 0x83, 0xDB, 0xB8,
    0x48, 0x02, 0x2D, 0x5C, 0x24, 0x23, 0x11, 0xE0, 0x81, 0x47, 0x76, 0xA8,
    0x21, 0x35, 0xA8, 0xC0, 0xB9, 0xA0, 0x23, 0x43, 0x46, 0xFA, 0x32, 0x91,
    0xB2, 0x4A, 0x5E, 0x04, 0x8A, 0xE0, 0x82, 0x4C, 0x6E, 0xA0, 0x2E, 0x9F,
    0x99, 0x81, 0xF6, 0x06, 0x40, 0x1D, 0x8B, 0xA0, 0x88, 0x02, 0x13, 0x08,
    0xC1, 0x0F, 0x45, 0x79, 0xAC, 0x0C, 0x78, 0xEF, 0x76, 0x30, 0x58, 0x20,
    0xD3, 0xC6, 0x82, 0x81, 0x11, 0xC0, 0x32, 0x46, 0xB3, 0xF4, 0x00, 0x19,
    0x3C, 0xB0, 0xCD, 0x7C, 0xE9, 0xD2, 0x00, 0x95, 0xCC, 0x4C, 0x0B, 0x64,
    0x48, 0x81, 0x04, 0x90, 0xC0, 0x03, 0x15, 0x80, 0x67, 0x2D, 0x7D, 0x59,
    0xAF, 0x0C, 0x44, 0x2F, 0x02, 0x6D, 0x70, 0x41, 0x07, 0xD2, 0x57, 0xFF,
    0x96, 0x1E, 0x00, 0x80, 0x0A, 0x02, 0x03, 0xD1, 0x13, 0x32, 0xA2, 0x45,
    0x5E, 0x4E, 0xE0, 0xA0, 0x09, 0x28, 0x40, 0x42, 0xD2, 0x69, 0x2A, 0x7B,
    0x06, 0x0D, 0x06, 0x45, 0x08, 0xD5, 0x59, 0x1C, 0xA0, 0x01, 0x18, 0xD1,
    0xB0, 0x01, 0x32, 0x7A, 0x40, 0x16, 0x42, 0x47, 0xAC, 0xEF, 0x10, 0x68,
    0x9D, 0xD0, 0x4C, 0x80, 0x48, 0xCF, 0x60, 0x10, 0x1B, 0x64, 0x81, 0x85,
    0xF4, 0xC1, 0xA8, 0x0C, 0xB3, 0x64, 0xB5, 0x61, 0x46, 0xC1, 0x05, 0x3C,
    0x28, 0x67, 0x58, 0x8A, 0xF3, 0x21, 0xCC, 0x80, 0x88, 0x2D, 0x02, 0x29,
    0x28, 0x70, 0xA0, 0x39, 0x81, 0x02, 0x14, 0x20, 0x01, 0xD2, 0xE4, 0x68,
    0x87, 0xB2, 0x07, 0x1D, 0x2F, 0xE6, 0x20, 0x01, 0x1F, 0xC8, 0x52, 0x0B,
    0x32, 0xC0, 0xCA, 0xBA, 0x38, 0xE0, 0x45, 0x9F, 0xC2, 0x28, 0x01, 0xE4,
    0x58, 0x81, 0x8A, 0x38, 0xC0, 0x58, 0x05, 0xFA, 0xC0, 0x04, 0x12, 0xFA,
    0xD3, 0x10, 0x24, 0xE8, 0x20, 0x07, 0x78, 0x80, 0x12, 0x1B, 0xC0, 0x81,
    0x31, 0x34, 0x01, 0x0C, 0xEC, 0xCC, 0xD1, 0x10, 0x5E, 0x8A, 0x03, 0x36,
    0xCC, 0xC5, 0x59, 0x8C, 0x61, 0x80, 0x46, 0xE4, 0x74, 0xA1, 0x90, 0xFA,
    0xB4, 0xAB, 0x00, 0xE0, 0x28, 0x00, 0x28, 0xA7, 0x3D, 0x2F, 0xD6, 0xE8,
    0xA8, 0x5B, 0x3D, 0x55, 0x64, 0x2C, 0xE0, 0x80, 0x43, 0x2D, 0x32, 0x30,
    0x70, 0xA4, 0x88, 0x03, 0x38, 0xB0, 0xCB, 0xDF, 0x68, 0x95, 0xAB, 0x22,
    0x3D, 0x41, 0x5E, 0x25, 0x59, 0x83, 0x16, 0x32, 0x00, 0x01, 0x47, 0x10,
    0x42, 0x0E, 0x48, 0x20, 0xD2, 0xB4, 0x12, 0x88, 0x00, 0x65, 0x70, 0xC2,
    0xE4, 0xBC, 0x25, 0x57, 0x8D, 0xD8, 0x66, 0x4E, 0xF4, 0xB1, 0xAB, 0x4F,
    0x81, 0x2A, 0xD1, 0x82, 0xE4, 0xA7, 0x72, 0xAA, 0x19, 0x80, 0x17, 0x85,
    0x80, 0x9F, 0x84, 0xFF, 0x1E, 0x74, 0x02, 0x05, 0x82, 0x54, 0x62, 0xD5,
    0xA2, 0x03, 0x4F, 0x11, 0x20, 0x30, 0x19, 0x39, 0xED, 0x47, 0x29, 0xF0,
    0xD8, 0x02, 0x6C, 0x35, 0x01, 0x27, 0xB8, 0x00, 0x3F, 0x07, 0x82, 0x02,
    0xE2, 0x15, 0x55, 0x04, 0x91, 0x5B, 0x03, 0x09, 0x7E, 0xDA, 0x59, 0x29,
    0x66, 0x86, 0x01, 0x5D, 0xD3, 0x2D, 0x5D, 0xDC, 0x86, 0xCE, 0xBD, 0x9A,
    0xF6, 0x3A, 0x04, 0xD2, 0xEA, 0x5D, 0x7D, 0xFA, 0x81, 0x14, 0x00, 0xA0,
    0x5B, 0x0B, 0xE1, 0x12, 0x6C, 0x35, 0xE3, 0x45, 0x0B, 0x58, 0x87, 0x05,
    0x5C, 0xA5, 0x6E, 0x6C, 0xEF, 0x53, 0xB1, 0x47, 0xDD, 0x89, 0x2E, 0xCE,
    0x22, 0x80, 0x05, 0x74, 0x60, 0x5A, 0xC6, 0x02, 0x07, 0xBB, 0xEB, 0x6C,
    0x41, 0x71, 0x7F, 0x3A, 0x01, 0x12, 0x9C, 0x40, 0x03, 0x32, 0xDD, 0x2B,
    0xE1, 0xFE, 0x9B, 0x03, 0x1D, 0x88, 0x00, 0x03, 0x2C, 0x08, 0x41, 0x4F,
    0x0B, 0x40, 0x82, 0x2A, 0xA4, 0x41, 0x76, 0x07, 0x0A, 0x99, 0x01, 0x30,
    0x50, 0x1C, 0x83, 0xD9, 0x86, 0x57, 0x01, 0x68, 0x4D, 0x0A, 0x12, 0x70,
    0xD0, 0xD5, 0x22, 0xF5, 0x06, 0x11, 0x79, 0x59, 0xDC, 0xA4, 0x89, 0x02,
    0xEB, 0xBC, 0x40, 0xA4, 0x09, 0x78, 0xC1, 0x40, 0x88, 0x8A, 0x19, 0xFB,
    0xF4, 0xE6, 0xBE, 0x88, 0xA1, 0xE8, 0x46, 0x3E, 0x4C, 0x25, 0x34, 0x70,
    0xF6, 0xAE, 0x09, 0xAD, 0x82, 0x81, 0x35, 0x20, 0x63, 0x87, 0xC8, 0xCB,
    0x81, 0x4D, 0x10, 0x41, 0x8B, 0x01, 0xF0, 0x82, 0x10, 0x90, 0x20, 0x04,
    0x2F, 0xD0, 0x40, 0x05, 0x2C, 0xD0, 0x80, 0xAE, 0xED, 0xC8, 0x00, 0x04,
    0x38, 0x40, 0x87, 0x3D, 0xEC, 0x25, 0xE0, 0xEC, 0x20, 0x05, 0x1F, 0xB8,
    0xEB, 0x04, 0x3E, 0x20, 0xD9, 0x89, 0xA8, 0x38, 0x46, 0x51, 0x62, 0x48,
    0xE5, 0x0C, 0x69, 0x30, 0x82, 0xD8, 0x86, 0xCD, 0x0A, 0x84, 0xFC, 0x72,
    0x7C, 0xC7, 0x7C, 0x60, 0x21, 0x58, 0x07, 0x22, 0x4C, 0xA0, 0xD8, 0x7F,
    0x9D, 0xB4, 0x1C, 0x14, 0xF8, 0x99, 0x20, 0x0F, 0xD0, 0x00, 0xD7, 0xB0,
    0x6B, 0x00, 0x07, 0x70, 0xA1, 0xCD, 0x6E, 0x06, 0x80, 0x1F, 0x55, 0x23,
    0x67, 0x31, 0x93, 0x19, 0x00, 0x91, 0x7C, 0xC8, 0x99, 0x55, 0x53, 0x5A,
    0x44, 0x57, 0x44, 0xB8, 0xBF, 0x69, 0xB4, 0x4F, 0xB7, 0x7A, 0x05, 0x16,
    0x44, 0xDA, 0x21, 0x1F, 0x6B, 0x97, 0x66, 0x18, 0x20, 0x01, 0x09, 0xE8,
    0x15, 0x74, 0x07, 0x48, 0x35, 0x94, 0x2C, 0x0D, 0x3A, 0xF0, 0xBA, 0x27,
    0x04, 0xF1, 0x35, 0xEE, 0xA3, 0x3F, 0xDD, 0x90, 0x97, 0x2D, 0x91, 0xD5,
    0x8A, 0x75, 0x75, 0x66, 0x68, 0xF3, 0x63, 0x31, 0x27, 0xE0, 0x0A, 0x2F,
    0xA0, 0x35, 0x43, 0x6C, 0xFD, 0xDF, 0xAA, 0xE2, 0x5A, 0x22, 0xAF, 0xD9,
    0xCF, 0xAE, 0x01, 0xA0, 0x86, 0x58, 0x1B, 0x17, 0xB9, 0x90, 0x96, 0xC8,
    0xA4, 0x7F, 0xC3, 0x80, 0x53, 0x1F, 0x1B, 0x21, 0xC9, 0x76, 0xCF, 0x88,
    0xC7, 0xFB, 0xEC, 0x26, 0x78, 0x5A, 0xDA, 0x00, 0x10, 0x35, 0xA5, 0xAD,
    0x7D, 0xED, 0x83, 0x0C, 0x66, 0xD1, 0xB4, 0xD1, 0xC0, 0x0D, 0x9C, 0xFD,
    0x53, 0x14, 0xFB, 0x33, 0xC5, 0xF3, 0x5A, 0x22, 0xB9, 0xCB, 0x5D, 0x90,
    0xC1, 0x00, 0x61, 0xD9, 0x00, 0x58, 0x37, 0xB7, 0x7F, 0x6A, 0xDE, 0x77,
    0x43, 0x04, 0x61, 0xD4, 0x9E, 0xF7, 0x50, 0x02, 0x02, 0x00, 0x21, 0xF9,
    0x04, 0x09, 0x04, 0x00, 0x00, 0x00, 0x2C, 0x00, 0x00, 0x00, 0x00, 0xD7,
    0x00, 0x6E, 0x00, 0x86, 0x00, 0x00, 0x00, 0x54, 0x85, 0xA7, 0x3B, 0x61,
    0x81, 0x99, 0xAA, 0xA8, 0x5C, 0x91, 0xB7, 0x54, 0x85, 0xA7, 0x54, 0x85,
    0xA7, 0x54, 0x85, 0xA6, 0x54, 0x85, 0xA7, 0x54, 0x85, 0xA7, 0x7F, 0x7F,
    0x7F, 0x3F, 0x7F, 0xBF, 0x67, 0x98, 0x98, 0x4B, 0x78, 0x9A, 0x54, 0x88,
    0xA7, 0xA6, 0xB6, 0xB1, 0x00, 0xFF, 0xFF, 0x55, 0x55, 0xAA, 0x7F, 0x7F,
    0xFF, 0x55, 0xAA, 0xAA, 0x53, 0x7D, 0xA8, 0x3F, 0x7F, 0x7F, 0x54, 0x84,
    0xA7, 0x7B, 0x92, 0x9C, 0x00, 0x00, 0xFF, 0x41, 0x6A, 0x8C, 0x70, 0x95,
    0xAA, 0x3A, 0x60, 0x7E, 0x38, 0x5D, 0x7C, 0x9C, 0xAC, 0xA8, 0x65, 0x99,
    0xCB, 0xFF, 0xFF, 0xFF, 0x3C, 0x63, 0x83, 0x84, 0x9C, 0xA4, 0x7A, 0x92,
    0x9D, 0x3E, 0x7D, 0x9C, 0x46, 0x6A, 0x8E, 0x39, 0x61, 0x7E, 0x99, 0x99,
    0x99, 0xAA, 0xAA, 0xAA, 0x3A, 0x60, 0x7E, 0x61, 0x9B, 0xC2, 0x9B, 0xAC,
    0xA8, 0x3A, 0x61, 0x7E, 0x3F, 0x3F, 0x7F, 0x4C, 0x91, 0xB3, 0x7B, 0x92,
    0x9C, 0x51, 0x7E, 0xA4, 0x51, 0x7E, 0x9A, 0x33, 0x66, 0x66, 0x3B, 0x61,
    0x80, 0x34, 0x66, 0x95, 0x9D, 0xAD, 0xA9, 0x55, 0x55, 0x55, 0x66, 0x66,
    0x99, 0x38, 0x5D, 0x7D, 0x6A, 0x94, 0xB4, 0xB3, 0xC4, 0xBE, 0x4F, 0x7E,
    0xA0, 0x83, 0x9B, 0xA7, 0x38, 0x5D, 0x7C, 0xA4, 0xB5, 0xB1, 0x7B, 0x91,
    0x9C, 0x3B, 0x63, 0x83, 0x55, 0x8A, 0x99, 0xA1, 0xAE, 0xA8, 0x9C, 0xAC,
    0xA9, 0xB8, 0xCA, 0xC6, 0x99, 0xCC, 0x99, 0x76, 0x8F, 0x9A, 0xBF, 0xBF,
    0xBF, 0x7F, 0xAA, 0xAA, 0x39, 0x60, 0x7E, 0x33, 0x66, 0xCC, 0x7B, 0x92,
    0x9C, 0x9F, 0xB0, 0xAB, 0x7F, 0x7F, 0xBF, 0x7F, 0xBF, 0xBF, 0xA9, 0xB8,
    0xB2, 0x55, 0xAA, 0xFF, 0x39, 0x60, 0x7F, 0x55, 0x7F, 0x7F, 0x3C, 0x64,
    0x84, 0x98, 0xB7, 0xA5, 0x36, 0x5A, 0x79, 0x3A, 0x5D, 0x7F, 0x00, 0x7F,
    0x7F, 0x48, 0x75, 0x95, 0x51, 0x7F, 0x9C, 0x50, 0x7D, 0xA0, 0x48, 0x91,
    0x91, 0x42, 0x6C, 0x8C, 0xC2, 0xC2, 0xA6, 0x48, 0x6D, 0x6D, 0x00, 0x00,
    0x7F, 0x72, 0x8C, 0x99, 0x3F, 0xBF, 0xFF, 0x33, 0x99, 0x99, 0x62, 0x89,
    0xB0, 0x69, 0x8F, 0xA7, 0x7C, 0x96, 0x9D, 0x7F, 0x97, 0xA0, 0x3C, 0x63,
    0x82, 0x78, 0x98, 0xA7, 0x3B, 0x61, 0x82, 0x66, 0x94, 0xB0, 0x66, 0xA1,
    0xCB, 0x7F, 0xBF, 0x7F, 0x7F, 0xFF, 0xFF, 0x82, 0x98, 0xA0, 0x81, 0x99,
    0xA4, 0x9E, 0xAF, 0xA7, 0x9B, 0xAE, 0xAE, 0x9C, 0xAD, 0xA9, 0x9F, 0xBF,
    0x9F, 0x3B, 0x5F, 0x7E, 0x3A, 0x5E, 0x79, 0x9B, 0xB1, 0xAB, 0x99, 0xCC,
    0xCC, 0xA5, 0xB6, 0xB0, 0x4B, 0x78, 0x99, 0x00, 0x00, 0x00, 0x00, 0x00,
    0x00, 0x00, 0x00, 0x00, 0x00, 0x00, 0x00, 0x00, 0x00, 0x00, 0x00, 0x00,
    0x00, 0x00, 0x00, 0x00, 0x08, 0xFF, 0x00, 0x01, 0x08, 0x1C, 0x48, 0xB0,
    0xA0, 0xC1, 0x83, 0x08, 0x13, 0x2A, 0x5C, 0xC8, 0xB0, 0xA1, 0xC3, 0x87,
    0x10, 0x23, 0x4A, 0x9C, 0x48, 0xB1, 0xA2, 0xC5, 0x8B, 0x18, 0x33, 0x6A,
    0xDC, 0xC8, 0xB1, 0xA3, 0xC7, 0x8F, 0x20, 0x43, 0x8A, 0x1C, 0x49, 0xB2,
    0xA4, 0xC9, 0x93, 0x28, 0x53, 0xAA, 0x5C, 0xC9, 0xB2, 0xA5, 0xCB, 0x97,
    0x30, 0x63, 0xCA, 0x9C, 0x49, 0xB3, 0xA6, 0xCD, 0x9B, 0x38, 0x73, 0xEA,
    0xDC, 0xC9, 0xB3, 0xA7, 0xCF, 0x9F, 0x40, 0x83, 0x0A, 0x1D, 0x4A, 0xB4,
    0xA8, 0xD1, 0xA3, 0x48, 0x93, 0x2A, 0x5D, 0xCA, 0xB4, 0xA9, 0xD3, 0xA7,
    0x50, 0xA3, 0x4A, 0x9D, 0x4A, 0xB5, 0xAA, 0xD5, 0xAB, 0x58, 0xB3, 0x6A,
    0xDD, 0xCA, 0xB5, 0xAB, 0xD7, 0xAF, 0x60, 0xC3, 0x8A, 0x1D, 0x4B, 0xB6,
    0xAC, 0xD9, 0xB3, 0x68, 0xD3, 0xAA, 0x5D, 0xCB, 0xB6, 0xAD, 0x5B, 0x88,
    0x0A, 0x3C, 0x30, 0x98, 0x4B, 0xB7, 0xEE, 0xDB, 0xBB, 0x78, 0x9B, 0x4E,
    0x98, 0x4B, 0x82, 0xC1, 0x81, 0x02, 0x80, 0x03, 0x0B, 0x2E, 0xE0, 0x80,
    0x81, 0x07, 0x0C, 0x15, 0x67, 0xD0, 0x45, 0x9C, 0x57, 0x67, 0x81, 0x14,
    0x01, 0x08, 0x48, 0x9E, 0x2C, 0x39, 0x00, 0x89, 0xC6, 0x4F, 0x27, 0x50,
    0x58, 0xF0, 0x37, 0x30, 0x82, 0x00, 0xA0, 0x43, 0x8B, 0x0E, 0x10, 0xD8,
    0x81, 0x0D, 0x09, 0x12, 0x1D, 0x24, 0x08, 0x4C, 0x01, 0x00, 0x63, 0xCC,
    0x30, 0x0D, 0x40, 0xAE, 0x3C, 0xBA, 0xF6, 0xE4, 0x03, 0x12, 0x21, 0x08,
    0x8C, 0x2C, 0x19, 0x37, 0x6A, 0xD8, 0x2A, 0x27, 0x78, 0x58, 0x90, 0xA0,
    0xF8, 0xE7, 0xDA, 0xC8, 0x47, 0x17, 0x48, 0xE0, 0x60, 0xC1, 0x6F, 0x86,
    0x10, 0x5A, 0x14, 0x10, 0xFD, 0x02, 0xC0, 0x73, 0xE0, 0x2A, 0x2D, 0x40,
    0x4E, 0xCE, 0x5D, 0xB4, 0x06, 0xDC, 0x0E, 0x75, 0x53, 0xFF, 0x18, 0xED,
    0x1B, 0xFB, 0xC9, 0x0A, 0xC4, 0x8B, 0x5B, 0xE8, 0xCE, 0x3E, 0xF4, 0xF2,
    0x03, 0x10, 0x74, 0x2B, 0x0C, 0x53, 0xC1, 0x01, 0x79, 0xEB, 0xE6, 0x51,
    0x46, 0x6E, 0xCF, 0x1F, 0x74, 0x8A, 0x04, 0x00, 0xC4, 0xD0, 0xD0, 0x0C,
    0xF7, 0x5D, 0x97, 0xDF, 0x47, 0x13, 0xA4, 0xB7, 0x5E, 0x7F, 0xFD, 0x19,
    0xE0, 0x40, 0x05, 0xF2, 0x1D, 0xA4, 0x5A, 0x71, 0x05, 0x1E, 0x48, 0xD2,
    0x7E, 0x0C, 0xF6, 0x47, 0x00, 0x80, 0x33, 0x1C, 0xA4, 0x00, 0x00, 0x07,
    0x10, 0x80, 0x5C, 0x75, 0x06, 0x5A, 0xA8, 0x51, 0x04, 0x24, 0x1C, 0x90,
    0x40, 0x86, 0x2C, 0x3A, 0xB8, 0xC0, 0x6B, 0x03, 0x7D, 0x40, 0xC1, 0x8A,
    0xB5, 0x59, 0x50, 0x9E, 0x89, 0x1E, 0xC5, 0x80, 0x21, 0x8B, 0x1A, 0x16,
    0x00, 0xC0, 0x02, 0x05, 0x45, 0x00, 0xA2, 0x88, 0xB5, 0x39, 0x00, 0xC0,
    0x87, 0x38, 0x6E, 0x24, 0x81, 0x03, 0x2A, 0xF2, 0xC8, 0xA3, 0x8B, 0x30,
    0x0A, 0x79, 0x40, 0x72, 0xB8, 0x21, 0x99, 0xA4, 0x46, 0x40, 0x38, 0xE9,
    0x24, 0x01, 0x3E, 0x02, 0x39, 0x90, 0x94, 0x54, 0x1E, 0x79, 0xE5, 0x45,
    0x18, 0x28, 0xC0, 0x24, 0x8D, 0x5A, 0xB6, 0xB8, 0xD9, 0x6B, 0x11, 0x28,
    0x30, 0x25, 0x72, 0x55, 0x8E, 0x89, 0xD1, 0x9B, 0x69, 0xF2, 0xC8, 0xE5,
    0x8F, 0x05, 0xD1, 0x79, 0x9F, 0x95, 0x72, 0x4A, 0x44, 0x41, 0x93, 0x75,
    0x3A, 0xE9, 0xE2, 0x40, 0x7F, 0xA2, 0xB9, 0x67, 0x9F, 0x12, 0x4D, 0x30,
    0x64, 0xA0, 0x5A, 0x12, 0x60, 0xC0, 0x8F, 0x8A, 0x26, 0x40, 0x24, 0x9C,
    0x62, 0x22, 0x0A, 0xD1, 0x02, 0xAA, 0x31, 0x9A, 0xA6, 0x01, 0x9B, 0x4D,
    0x90, 0x29, 0x77, 0x71, 0x5A, 0x1A, 0x1E, 0x00, 0x86, 0x6A, 0xCA, 0xA2,
    0xA3, 0x02, 0x95, 0x5A, 0x5B, 0xA8, 0xA2, 0x32, 0x44, 0x41, 0x0B, 0xAA,
    0x9A, 0xFF, 0xCA, 0xA0, 0x83, 0xA4, 0xB2, 0xC7, 0x6A, 0xAB, 0x08, 0x01,
    0x19, 0xAB, 0xAC, 0x19, 0x3E, 0xBA, 0x6B, 0x68, 0xB7, 0xE2, 0x6A, 0xD0,
    0x02, 0x5A, 0x4C, 0xC7, 0x6B, 0x9A, 0x08, 0xC0, 0xF0, 0x2B, 0x68, 0xC1,
    0x0A, 0xFB, 0x25, 0x00, 0xC6, 0x1E, 0xDB, 0xA8, 0x01, 0x7A, 0x52, 0xCA,
    0xA7, 0xB3, 0x03, 0x39, 0x80, 0x43, 0xB4, 0xD2, 0xDA, 0x69, 0xC0, 0xB2,
    0x01, 0x34, 0x2B, 0x2C, 0x90, 0xDC, 0x76, 0x6B, 0xAE, 0xB8, 0xB8, 0x3A,
    0x57, 0xC0, 0xA4, 0xE6, 0x76, 0x7B, 0x40, 0x99, 0xD8, 0x0E, 0x44, 0x6E,
    0xBB, 0xF4, 0x82, 0x46, 0x62, 0xBC, 0x78, 0x1A, 0xC0, 0x6E, 0xBD, 0xC7,
    0xDE, 0xEB, 0xEC, 0x8B, 0x06, 0xF0, 0x5B, 0xEF, 0x8D, 0xC2, 0x22, 0xA6,
    0xAF, 0xC0, 0xED, 0x12, 0x2C, 0xEA, 0x04, 0x10, 0x04, 0x8C, 0x30, 0xBD,
    0xBE, 0x7D, 0xA0, 0xC0, 0xC4, 0x96, 0x56, 0x00, 0x00, 0x02, 0xFB, 0x3E,
    0xCC, 0xAB, 0xBF, 0x0B, 0x47, 0xE0, 0xB0, 0xC6, 0x09, 0x4F, 0xE0, 0xC3,
    0x0E, 0x22, 0xEC, 0xA0, 0xC4, 0x04, 0x47, 0x4C, 0x70, 0x6D, 0x7E, 0x8A,
    0x1E, 0x07, 0xF2, 0xB9, 0x00, 0xB8, 0x30, 0xC0, 0x05, 0x03, 0x28, 0x21,
    0x27, 0x13, 0x0B, 0xB8, 0xFC, 0x72, 0xB7, 0x22, 0x88, 0x70, 0xC1, 0xCF,
    0x3F, 0xF7, 0xBC, 0x83, 0x0F, 0x27, 0xE0, 0x50, 0x22, 0x70, 0x0B, 0xEE,
    0xDC, 0xAD, 0x06, 0x21, 0x00, 0x7D, 0x01, 0xD3, 0x1A, 0x0C, 0xE0, 0x82,
    0x89, 0x13, 0x20, 0x90, 0xB4, 0xD2, 0xBC, 0x0E, 0xA0, 0xF5, 0xD6, 0x5A,
    0x37, 0x0D, 0x74, 0xC9, 0x3E, 0x30, 0xD1, 0xDA, 0x40, 0x2B, 0xB7, 0x65,
    0x41, 0xC6, 0x58, 0x33, 0x3A, 0xC0, 0x03, 0x5C, 0xAF, 0x1D, 0x42, 0x11,
    0x3F, 0x33, 0x3D, 0x80, 0x08, 0xD8, 0x2D, 0x60, 0x83, 0xCE, 0x69, 0x9B,
    0x1A, 0x42, 0xDB, 0x7C, 0x0F, 0xFF, 0xE0, 0xF5, 0x05, 0x6E, 0xF8, 0xD0,
    0x84, 0x02, 0x4D, 0x7C, 0xE1, 0x02, 0x03, 0x00, 0x7C, 0xF0, 0x56, 0xDE,
    0xD2, 0x0E, 0x10, 0x44, 0xDF, 0x5B, 0xB3, 0x0D, 0x37, 0xCD, 0x74, 0x0B,
    0xD4, 0x85, 0x06, 0x88, 0x2B, 0x9E, 0x16, 0x62, 0x2D, 0x20, 0x80, 0x37,
    0xE3, 0x6A, 0x43, 0x0E, 0xF9, 0xCF, 0x2E, 0x94, 0xEE, 0x02, 0x19, 0x0C,
    0x44, 0x88, 0x16, 0x63, 0x3B, 0x82, 0xAE, 0xA9, 0xE3, 0xA2, 0x73, 0x2D,
    0xF9, 0x05, 0x21, 0xEC, 0x1D, 0x82, 0x40, 0xAA, 0x9B, 0x05, 0x01, 0x06,
    0x40, 0x7C, 0xEE, 0x7A, 0xA0, 0x51, 0xC7, 0xDE, 0xB7, 0x06, 0x17, 0x94,
    0xD1, 0x86, 0x0A, 0x53, 0x24, 0x9E, 0x96, 0x7C, 0xBF, 0x37, 0xFE, 0xF8,
    0xDA, 0x0F, 0x44, 0x2F, 0x7D, 0xF4, 0x91, 0x0F, 0xA0, 0x41, 0xE5, 0x0F,
    0x24, 0xAF, 0xB9, 0xEE, 0x10, 0x50, 0xE0, 0x7B, 0xF3, 0x75, 0x06, 0xFF,
    0x80, 0x0A, 0x1D, 0x94, 0x6F, 0x7E, 0x07, 0x2A, 0xB0, 0xDD, 0xB6, 0x10,
    0xE4, 0xCB, 0xB1, 0xBD, 0xEE, 0x00, 0xD8, 0x50, 0x27, 0x65, 0x94, 0x81,
    0x0F, 0x3D, 0x17, 0x07, 0x75, 0x30, 0x84, 0xF4, 0x5A, 0x3F, 0xB0, 0xBF,
    0x40, 0xEF, 0x23, 0xCB, 0x07, 0x20, 0xE0, 0x80, 0xEF, 0xF1, 0xC7, 0x02,
    0x83, 0x09, 0x0C, 0xF8, 0x34, 0xC0, 0xC0, 0x34, 0x1C, 0xE0, 0x04, 0x0C,
    0x30, 0x81, 0x09, 0x4E, 0x60, 0x02, 0x38, 0xF4, 0x80, 0x06, 0x34, 0x50,
    0xC1, 0x12, 0xB4, 0x46, 0x83, 0x0E, 0x98, 0x40, 0x2D, 0x1F, 0xCA, 0xD2,
    0xA9, 0x24, 0x93, 0x02, 0x0B, 0x20, 0x04, 0x7C, 0xA1, 0xD9, 0x10, 0x00,
    0x2C, 0x76, 0x90, 0x3A, 0xE4, 0x20, 0x07, 0x03, 0x60, 0x8B, 0xC4, 0x1C,
    0xF0, 0xB1, 0xFE, 0x20, 0x30, 0x30, 0x09, 0x60, 0x00, 0x05, 0xEA, 0xC2,
    0x00, 0x18, 0x94, 0x2B, 0x6D, 0x0D, 0x10, 0x4D, 0x02, 0xFF, 0x14, 0xC0,
    0x42, 0x81, 0x28, 0x80, 0x08, 0x14, 0x7C, 0x43, 0x0F, 0x2E, 0x78, 0x84,
    0x0F, 0xA6, 0xE5, 0x43, 0x30, 0x40, 0x9B, 0x6D, 0x44, 0x94, 0x82, 0x47,
    0x35, 0xE4, 0x6A, 0x69, 0xDB, 0x40, 0x10, 0x41, 0x03, 0xA0, 0x22, 0x62,
    0xA6, 0x4C, 0x34, 0xE4, 0x0F, 0x02, 0x04, 0x93, 0xC3, 0x16, 0x18, 0xC6,
    0x4B, 0x02, 0x89, 0x82, 0x07, 0xA4, 0x53, 0xC3, 0xBC, 0x35, 0x60, 0x8B,
    0x01, 0x40, 0xC0, 0x01, 0x2A, 0x60, 0x85, 0x83, 0x7C, 0xC0, 0x0E, 0x44,
    0x30, 0xC2, 0x5A, 0x50, 0xF3, 0x02, 0x29, 0x82, 0x86, 0x8A, 0x00, 0x82,
    0x48, 0xEB, 0x18, 0x27, 0x80, 0x2D, 0x6A, 0x00, 0x40, 0x49, 0x80, 0x0D,
    0x06, 0x96, 0xD4, 0xC6, 0xD1, 0x20, 0xC0, 0x00, 0x90, 0x3C, 0x00, 0x03,
    0xCC, 0xE8, 0x01, 0x45, 0x49, 0x48, 0x81, 0xE0, 0x83, 0x63, 0x1C, 0x0F,
    0xB0, 0x80, 0x3A, 0x36, 0x86, 0x05, 0x00, 0xC0, 0x02, 0xDA, 0x44, 0xF4,
    0x9D, 0x87, 0xE8, 0x06, 0x0C, 0xBC, 0x19, 0xA1, 0x1F, 0xA5, 0x95, 0x02,
    0x1F, 0x25, 0x32, 0x2F, 0x10, 0x88, 0xC0, 0x01, 0x1A, 0x19, 0x00, 0x48,
    0x46, 0x72, 0x8D, 0x1E, 0x28, 0x1B, 0x41, 0x08, 0xF8, 0x43, 0xEE, 0xBC,
    0xF1, 0x8D, 0x78, 0xB0, 0x25, 0x2D, 0xCD, 0x25, 0x47, 0x1C, 0x1C, 0x01,
    0x89, 0x77, 0xB1, 0x58, 0x88, 0x44, 0x53, 0x19, 0x18, 0x48, 0xE4, 0x43,
    0x62, 0xC8, 0x50, 0x03, 0x38, 0xC0, 0x01, 0x01, 0xF0, 0x20, 0x5B, 0xF5,
    0xA3, 0xD7, 0x9D, 0x60, 0x39, 0x81, 0x59, 0x8E, 0xC6, 0x96, 0x14, 0xF0,
    0x00, 0x09, 0x3C, 0x90, 0xBB, 0x84, 0x98, 0xA9, 0x97, 0xC8, 0x79, 0x63,
    0x06, 0x36, 0x20, 0x00, 0x10, 0xC8, 0x80, 0x04, 0x23, 0xF0, 0x00, 0x0D,
    0x6D, 0xC9, 0x2F, 0x04, 0x9C, 0x81, 0x06, 0x3D, 0xF0, 0x20, 0x05, 0x75,
    0x39, 0xFF, 0x16, 0x8B, 0x25, 0x40, 0x03, 0x29, 0x0C, 0x40, 0x45, 0x3E,
    0xE4, 0x80, 0x55, 0x8A, 0x66, 0x9A, 0xEC, 0x14, 0x00, 0x15, 0x00, 0x00,
    0x4A, 0x83, 0x0C, 0xB2, 0x71, 0xFE, 0x13, 0x82, 0x5B, 0x20, 0x60, 0xA6,
    0x1A, 0x3E, 0x72, 0x87, 0x63, 0x7B, 0x08, 0x18, 0xD1, 0x59, 0x1B, 0x1D,
    0xAC, 0x53, 0x00, 0x20, 0x95, 0x02, 0x0B, 0x1A, 0x0A, 0x00, 0x1D, 0xEA,
    0xD0, 0x00, 0x9E, 0xF3, 0x9C, 0x26, 0x43, 0xA3, 0x83, 0x95, 0xB2, 0x68,
    0x0C, 0x6B, 0x13, 0x42, 0xF9, 0xEE, 0xD0, 0x01, 0xB5, 0xF8, 0x93, 0x48,
    0x22, 0xB2, 0x08, 0x6A, 0x96, 0xC9, 0x9F, 0x69, 0x82, 0x74, 0x03, 0x19,
    0x80, 0x02, 0x43, 0x19, 0x42, 0x05, 0x1D, 0xD4, 0xA6, 0x01, 0x19, 0x00,
    0x5E, 0x10, 0xA4, 0x37, 0x84, 0x18, 0xF2, 0xF3, 0x2B, 0x10, 0x42, 0xD3,
    0x23, 0x19, 0x60, 0x83, 0x89, 0x2C, 0xD2, 0x01, 0x1C, 0xAD, 0xCD, 0x47,
    0x41, 0xEA, 0x4E, 0x08, 0xD4, 0xE0, 0x20, 0x36, 0x98, 0x0B, 0x0C, 0x18,
    0xB0, 0x85, 0x74, 0x66, 0xE0, 0x97, 0x6F, 0xE4, 0x91, 0x06, 0xD4, 0xB7,
    0x84, 0xF1, 0x7D, 0x20, 0x80, 0xFD, 0xAC, 0x15, 0x01, 0x4C, 0x68, 0x11,
    0x29, 0x19, 0x34, 0x34, 0x19, 0xA8, 0xA6, 0x00, 0x80, 0x2A, 0x54, 0x01,
    0x29, 0x44, 0x48, 0xBE, 0xD3, 0x81, 0x00, 0xA8, 0x49, 0x4D, 0x01, 0xA8,
    0x55, 0x7D, 0x39, 0x88, 0x03, 0x00, 0x4E, 0x80, 0x16, 0xAF, 0x86, 0x71,
    0xAA, 0x51, 0xA0, 0x08, 0x45, 0x29, 0x90, 0xD5, 0xD0, 0xA8, 0x53, 0xAF,
    0x20, 0x5D, 0x41, 0x05, 0xBE, 0xFA, 0xD7, 0x8B, 0xD5, 0xE8, 0x0A, 0x3C,
    0x00, 0xE9, 0x5E, 0x0B, 0x99, 0xD6, 0xFE, 0x44, 0x8D, 0x6D, 0x4E, 0x50,
    0xC1, 0x1A, 0x9E, 0xEA, 0x15, 0x72, 0xA9, 0x01, 0x01, 0x18, 0x89, 0xD4,
    0x5D, 0x03, 0x90, 0xD7, 0x9F, 0xFF, 0x0A, 0x20, 0x03, 0x48, 0x08, 0x10,
    0x43, 0x00, 0x3B, 0x1A, 0x54, 0xC9, 0xA0, 0xB6, 0x7B, 0x2D, 0x6C, 0x86,
    0x34, 0x90, 0x03, 0x89, 0xAE, 0x45, 0x57, 0x8E, 0xF2, 0x40, 0x46, 0x27,
    0xA2, 0xA8, 0x6A, 0x85, 0xC6, 0x02, 0x16, 0x40, 0xEB, 0x56, 0xDB, 0x29,
    0x05, 0x19, 0xD4, 0x80, 0xB3, 0x9D, 0xFD, 0x9C, 0x01, 0x16, 0x50, 0x02,
    0x10, 0x88, 0xF6, 0xBB, 0xA5, 0x6D, 0x8F, 0x06, 0x52, 0x6B, 0x04, 0xC6,
    0xA6, 0x85, 0x5C, 0x26, 0xF4, 0x22, 0x73, 0x49, 0x85, 0x36, 0x23, 0x85,
    0x96, 0x9A, 0xEC, 0x64, 0x67, 0x06, 0xE6, 0x00, 0x11, 0xDE, 0x7E, 0x53,
    0x20, 0x25, 0x98, 0x2E, 0x48, 0xAB, 0xC9, 0x1F, 0x54, 0xB5, 0x25, 0x52,
    0x06, 0x88, 0x80, 0x25, 0x2B, 0xC2, 0x06, 0x10, 0x61, 0x31, 0x00, 0x16,
    0x70, 0xC0, 0x0F, 0xBC, 0xFB, 0xDD, 0x76, 0x82, 0x40, 0xB3, 0x1D, 0x6A,
    0x88, 0x7D, 0x45, 0xF3, 0xA8, 0x08, 0x74, 0xB7, 0xC1, 0xA2, 0x0D, 0x2F,
    0x77, 0x0C, 0x60, 0x04, 0x1C, 0x60, 0x4B, 0x48, 0x2F, 0xA8, 0xCD, 0x08,
    0x00, 0x80, 0x61, 0x0E, 0x64, 0x60, 0x05, 0x12, 0x99, 0x70, 0x68, 0x1E,
    0x35, 0xE2, 0x12, 0x8C, 0xB6, 0xC1, 0xD4, 0x6C, 0xCF, 0xA3, 0xD0, 0xB8,
    0x16, 0x08, 0x1C, 0x6D, 0x22, 0x11, 0xC0, 0x80, 0x73, 0x29, 0x70, 0x03,
    0x06, 0x7F, 0x37, 0x03, 0x68, 0xA8, 0x80, 0x5F, 0x1D, 0xA2, 0x62, 0xD0,
    0x18, 0x00, 0x02, 0x23, 0xC0, 0x80, 0x8B, 0x13, 0x8A, 0x61, 0x97, 0x22,
    0x78, 0xC5, 0x78, 0x72, 0x16, 0x98, 0x46, 0x43, 0x01, 0x26, 0x7F, 0xB7,
    0x04, 0x2B, 0x8C, 0x48, 0x91, 0x6B, 0x09, 0x80, 0x16, 0xEB, 0xF7, 0xBB,
    0x1C, 0xE8, 0x2D, 0x80, 0x0E, 0x36, 0xE3, 0x0F, 0x83, 0xA8, 0x36, 0x14,
    0x08, 0x2D, 0x86, 0x57, 0x80, 0x01, 0xF5, 0xEE, 0xD6, 0xEE, 0xB3, 0xDF,
    0x74, 0xC0, 0x08, 0x20, 0xE0, 0x62, 0x0C, 0xBF, 0x38, 0x0B, 0x57, 0x2B,
    0x80, 0x37, 0x49, 0x03, 0x80, 0x27, 0x98, 0x79, 0xC7, 0x28, 0xB0, 0x33,
    0x8A, 0xDD, 0xBC, 0x10, 0x21, 0x1D, 0x18, 0x55, 0x23, 0xA6, 0x43, 0x06,
    0xEC, 0x0C, 0xD2, 0x1B, 0x00, 0xE0, 0x6C, 0x29, 0x5C, 0x0D, 0x6C, 0x69,
    0x8C, 0xAB, 0x29, 0x3F, 0x97, 0x02, 0x81, 0x5E, 0x33, 0x06, 0x86, 0x4C,
    0x64, 0x38, 0xC7, 0x79, 0xCE, 0x37, 0xF8, 0xAE, 0x95, 0x05, 0xF0, 0x03,
    0x05, 0xE8, 0x8C, 0x4B, 0x05, 0x38, 0xB2, 0x9F, 0xE3, 0xB5, 0x53, 0xD1,
    0x78, 0x98, 0xD1, 0x28, 0x2E, 0x27, 0x43, 0x5A, 0x66, 0x9B, 0x47, 0x5D,
    0xE6, 0x07, 0x0D, 0xDE, 0x40, 0x15, 0x0C, 0x82, 0xB1, 0xC8, 0xF8, 0x08,
    0x46, 0xD8, 0x6A, 0x35, 0x68, 0x2C, 0xE0, 0x01, 0x00, 0xF8, 0xF8, 0xBB,
    0xEF, 0xBC, 0x4C, 0x44, 0x68, 0x5D, 0x1B, 0x04, 0x38, 0xA0, 0x35, 0xB8,
    0xFE, 0x2E, 0x0A, 0x3A, 0xE4, 0x05, 0x81, 0x4C, 0x00, 0x03, 0x2E, 0xEB,
    0x12, 0xBE, 0x04, 0x22, 0xEC, 0x00, 0x38, 0x53, 0x20, 0x99, 0x6E, 0x70,
    0x06, 0x64, 0x90, 0xE5, 0x87, 0x30, 0xBB, 0xD9, 0x00, 0x68, 0xCD, 0x0D,
    0xD6, 0xB9, 0x6D, 0x89, 0x08, 0xDB, 0x02, 0x40, 0x18, 0x48, 0xB8, 0x7F,
    0x6C, 0x86, 0x2A, 0x10, 0x3A, 0x21, 0xE7, 0x76, 0x64, 0xBA, 0x01, 0x10,
    0x6A, 0x14, 0xB4, 0xDB, 0xAA, 0x0B, 0x08, 0x38, 0x41, 0x58, 0x30, 0xEF,
    0xEF, 0xE6, 0xF6, 0xDE, 0x08, 0xA9, 0x40, 0xD5, 0x90, 0x33, 0x69, 0x81,
    0x54, 0x80, 0xA4, 0xFF, 0xC6, 0x48, 0xC1, 0x41, 0x8A, 0xDB, 0x72, 0x3B,
    0xC4, 0x62, 0xBE, 0x6B, 0xF8, 0x54, 0x02, 0x02, 0x00, 0x21, 0xF9, 0x04,
    0x09, 0x04, 0x00, 0x00, 0x00, 0x2C, 0x00, 0x00, 0x00, 0x00, 0xD7, 0x00,
    0x6E, 0x00, 0x86, 0x00, 0x00, 0x00, 0x54, 0x85, 0xA7, 0x99, 0xAA, 0xA8,
    0x5C, 0x91, 0xB7, 0x3A, 0x60, 0x7E, 0x54, 0x85, 0xA7, 0x54, 0x85, 0xA8,
    0x53, 0x85, 0xA7, 0x54, 0x85, 0xA8, 0x54, 0x85, 0xA7, 0x3C, 0x62, 0x82,
    0x7F, 0x7F, 0x7F, 0x54, 0x85, 0xA8, 0x3A, 0x5E, 0x7D, 0x3F, 0x7F, 0xBF,
    0x66, 0x98, 0x98, 0x7F, 0x7F, 0xFF, 0x00, 0xFF, 0xFF, 0xA6, 0xB6, 0xB1,
    0x54, 0xA9, 0xAA, 0x7B, 0x92, 0x9D, 0x51, 0x7D, 0xAA, 0x55, 0x55, 0xAA,
    0x6F, 0x95, 0xAB, 0x53, 0x87, 0xA7, 0x41, 0x69, 0x8B, 0x4B, 0x78, 0x99,
    0x00, 0x00, 0xFF, 0x34, 0x65, 0x96, 0x3F, 0x7F, 0x7F, 0x83, 0x9B, 0xA4,
    0x66, 0x99, 0xCC, 0x9C, 0xAC, 0xA9, 0xFF, 0xFF, 0xFF, 0xAA, 0xAA, 0xAA,
    0x9B, 0xAC, 0xA9, 0x61, 0x9A, 0xC2, 0x4F, 0x90, 0xB2, 0x57, 0x7F, 0x9C,
    0x00, 0x7F, 0x7F, 0x98, 0x98, 0x98, 0x55, 0x55, 0x55, 0x51, 0x7E, 0xA3,
    0x7B, 0x92, 0x9C, 0x7B, 0x92, 0x9C, 0x36, 0x5C, 0x7D, 0x36, 0x5B, 0x79,
    0x37, 0x64, 0x74, 0x66, 0x66, 0x99, 0x7F, 0x7F, 0xBA, 0x2E, 0x55, 0x7F,
    0xA1, 0xAE, 0xA9, 0x9D, 0xAD, 0xA8, 0xB8, 0xCA, 0xC6, 0xB2, 0xC3, 0xBD,
    0x84, 0x9C, 0xA7, 0x9D, 0xAC, 0xAA, 0xA2, 0xB3, 0xAE, 0x3A, 0x60, 0x7D,
    0x39, 0x5D, 0x7C, 0x3B, 0x60, 0x7D, 0x3C, 0x60, 0x80, 0x48, 0x6D, 0x91,
    0xBF, 0xBF, 0xBF, 0x9B, 0xAC, 0xA8, 0x50, 0x7E, 0xA0, 0x3F, 0x3F, 0x7F,
    0x99, 0xCC, 0xCC, 0x71, 0x8C, 0x9C, 0x76, 0x8F, 0x9A, 0x7B, 0x92, 0x9D,
    0x7C, 0x91, 0x9C, 0x53, 0x8A, 0x9A, 0x38, 0x5E, 0x84, 0x33, 0x66, 0xCC,
    0x3F, 0x7F, 0x9F, 0x98, 0xB2, 0xAE, 0x94, 0xAB, 0xAB, 0x55, 0x7F, 0x7F,
    0xA5, 0xB5, 0xB2, 0x55, 0xAA, 0xFF, 0x7F, 0xAA, 0xAA, 0x69, 0x95, 0xB4,
    0x4A, 0x95, 0x95, 0x51, 0x84, 0x9D, 0x72, 0x94, 0xA7, 0x77, 0x98, 0xA9,
    0x5F, 0x96, 0xBB, 0x4E, 0x7F, 0x9D, 0x9F, 0xB0, 0xAC, 0xC0, 0xC0, 0xAA,
    0x67, 0xA2, 0xCD, 0x48, 0x6D, 0x6D, 0x55, 0x55, 0x7F, 0x7F, 0x7F, 0x9F,
    0x33, 0x99, 0xCC, 0x33, 0x99, 0x99, 0x9C, 0xAC, 0xA8, 0x91, 0xB6, 0x91,
    0x3B, 0x61, 0x80, 0x3B, 0x61, 0x80, 0x91, 0x91, 0xB6, 0x3B, 0x61, 0x82,
    0x80, 0x99, 0xA1, 0x3A, 0x60, 0x7E, 0x3A, 0x61, 0x7F, 0x82, 0x96, 0xA0,
    0x38, 0x63, 0x7F, 0xA5, 0xB6, 0xB1, 0x3B, 0x5F, 0x83, 0x3A, 0x5F, 0x84,
    0x71, 0x8F, 0xA0, 0x3A, 0x5F, 0x7E, 0x80, 0x98, 0xA3, 0xAD, 0xBB, 0xB3,
    0x99, 0xAA, 0x99, 0x7F, 0xBF, 0xBF, 0x7C, 0x94, 0x9D, 0x00, 0x7F, 0xFF,
    0xCC, 0xCC, 0xCC, 0x00, 0x55, 0xAA, 0x00, 0x00, 0x00, 0x00, 0x00, 0x00,
    0x00, 0x00, 0x00, 0x00, 0x00, 0x00, 0x00, 0x00, 0x00, 0x00, 0x00, 0x00,
    0x00, 0x00, 0x00, 0x08, 0xFF, 0x00, 0x01, 0x08, 0x1C, 0x48, 0xB0, 0xA0,
    0xC1, 0x83, 0x08, 0x13, 0x2A, 0x5C, 0xC8, 0xB0, 0xA1, 0xC3, 0x87, 0x10,
    0x23, 0x4A, 0x9C, 0x48, 0xB1, 0xA2, 0xC5, 0x8B, 0x18, 0x33, 0x6A, 0xDC,
    0xC8, 0xB1, 0xA3, 0xC7, 0x8F, 0x20, 0x43, 0x8A, 0x1C, 0x49, 0xB2, 0xA4,
    0xC9, 0x93, 0x28, 0x53, 0xAA, 0x5C, 0xC9, 0xB2, 0xA5, 0xCB, 0x97, 0x30,
    0x63, 0xCA, 0x9C, 0x49, 0xB3, 0xA6, 0xCD, 0x9B, 0x38, 0x73, 0xEA, 0xDC,
    0xC9, 0xB3, 0xA7, 0xCF, 0x9F, 0x40, 0x83, 0x0A, 0x1D, 0x4A, 0xB4, 0xA8,
    0xD1, 0xA3, 0x48, 0x93, 0x2A, 0x5D, 0xCA, 0xB4, 0xA9, 0xD3, 0xA7, 0x50,
    0xA3, 0x4A, 0x9D, 0x4A, 0xB5, 0xAA, 0xD5, 0xAB, 0x58, 0xB3, 0x6A, 0xDD,
    0xCA, 0xB5, 0xAB, 0xD7, 0xAF, 0x60, 0xC3, 0x8A, 0x1D, 0x4B, 0xB6, 0xAC,
    0xD9, 0xB3, 0x68, 0xD3, 0xAA, 0x5D, 0xCB, 0xB6, 0xAD, 0xDB, 0x87, 0x0B,
    0x3E, 0x3C, 0x98, 0x4B, 0xB7, 0xEE, 0x83, 0xB7, 0x78, 0xF3, 0x32, 0x9D,
    0x30, 0xD7, 0xC7, 0x03, 0x03, 0x05, 0x02, 0x0B, 0x1E, 0x1C, 0x18, 0xC3,
    0x83, 0x0F, 0x1B, 0xF4, 0x52, 0x2D, 0x40, 0x22, 0xC0, 0x80, 0xC7, 0x90,
    0x21, 0x07, 0xF0, 0xA1, 0xD8, 0xE9, 0x84, 0x0A, 0x0E, 0x0E, 0x0C, 0x66,
    0x10, 0xA0, 0xB3, 0xE7, 0xCF, 0x9D, 0x05, 0x63, 0x80, 0x01, 0x81, 0xA2,
    0x03, 0x18, 0xA7, 0x23, 0x54, 0x96, 0xC9, 0xA0, 0xF1, 0x63, 0xD0, 0xB0,
    0x3B, 0x43, 0x36, 0xB0, 0xDA, 0x68, 0x87, 0x0F, 0x99, 0x0F, 0x1C, 0x40,
    0x10, 0xBB, 0x37, 0xE8, 0x02, 0x07, 0x30, 0x44, 0x50, 0x0D, 0xB1, 0x82,
    0x6E, 0xDD, 0x18, 0x00, 0x24, 0xAE, 0xAD, 0x12, 0x41, 0x63, 0xDF, 0xD0,
    0x3D, 0x5F, 0xA0, 0x3D, 0x41, 0xA2, 0x63, 0xC7, 0xB4, 0x2D, 0x30, 0x2F,
    0x39, 0xA1, 0xC3, 0x71, 0xDE, 0xD1, 0xC3, 0x07, 0xFF, 0x28, 0x80, 0xA1,
    0x42, 0x69, 0x87, 0x4B, 0x0E, 0x7C, 0xCE, 0xBE, 0xDD, 0xE4, 0x75, 0xF1,
    0xE2, 0x07, 0x1C, 0x78, 0x48, 0x1C, 0x34, 0xFB, 0xF6, 0x20, 0x2F, 0xEB,
    0x86, 0xCF, 0x7F, 0x7C, 0xF0, 0xE1, 0x0A, 0x75, 0xE0, 0x80, 0x71, 0xF6,
    0x01, 0xA0, 0x1D, 0x7E, 0x21, 0xBD, 0xD7, 0x9F, 0x78, 0x24, 0xCC, 0xC7,
    0x01, 0x43, 0x4B, 0x80, 0x36, 0xC0, 0x7D, 0x08, 0x6A, 0xB4, 0x81, 0x05,
    0x15, 0x18, 0xA0, 0xDE, 0x82, 0xFD, 0x25, 0x80, 0x81, 0x03, 0xCB, 0x19,
    0x84, 0xC4, 0x71, 0xA0, 0x21, 0x40, 0xDB, 0x79, 0x15, 0x6E, 0x34, 0x01,
    0x87, 0x1C, 0x0E, 0x50, 0x00, 0x00, 0x0E, 0x18, 0xB4, 0x00, 0x00, 0x54,
    0x0C, 0x10, 0x9B, 0x0A, 0x00, 0xA0, 0x98, 0xA2, 0x45, 0x1B, 0x40, 0x80,
    0x81, 0x86, 0x2C, 0x72, 0xE8, 0x21, 0x88, 0x05, 0x2D, 0x80, 0xC1, 0x86,
    0xB0, 0x19, 0xD0, 0xE3, 0x8E, 0x1A, 0x61, 0x10, 0x24, 0x8B, 0x2E, 0xC2,
    0x48, 0x90, 0x76, 0x06, 0xD8, 0x18, 0xDB, 0x89, 0x4C, 0x56, 0xB4, 0xC1,
    0x02, 0x44, 0x00, 0xF9, 0xA4, 0x90, 0x98, 0x85, 0x48, 0xA5, 0x6F, 0x58,
    0x66, 0x59, 0x51, 0x95, 0x5F, 0x42, 0xF9, 0x62, 0x8C, 0x02, 0x8D, 0xD9,
    0x5B, 0x99, 0x66, 0xD2, 0xB7, 0x40, 0x86, 0x48, 0xA6, 0xB9, 0xE0, 0x90,
    0x03, 0x59, 0xB0, 0x80, 0x01, 0xBD, 0x21, 0x80, 0xA3, 0x8E, 0x71, 0x3A,
    0x74, 0x80, 0x95, 0x76, 0xB6, 0x98, 0x80, 0x94, 0xCA, 0x01, 0xC0, 0xE7,
    0x95, 0x00, 0xCC, 0x18, 0x68, 0x43, 0x1B, 0x44, 0x50, 0x42, 0x09, 0x75,
    0x16, 0x7A, 0x67, 0x98, 0x00, 0x54, 0x40, 0xE9, 0x9B, 0x8D, 0x3E, 0xDA,
    0x90, 0x6A, 0x83, 0x5A, 0xFA, 0xE4, 0x00, 0x87, 0x9A, 0x00, 0x40, 0xA5,
    0x05, 0x3A, 0xEA, 0xA9, 0x42, 0x9A, 0x16, 0x20, 0xEA, 0x97, 0x1E, 0x9A,
    0xFF, 0xB0, 0x29, 0x99, 0x9D, 0xAE, 0x8A, 0x50, 0x8C, 0x05, 0x10, 0xFA,
    0x6A, 0x90, 0x87, 0xA2, 0x9A, 0xAA, 0xAD, 0xB7, 0x9A, 0xE0, 0xEA, 0xAE,
    0x5F, 0x32, 0x60, 0x82, 0xAF, 0xEB, 0xD5, 0x0A, 0x2C, 0x41, 0x76, 0x00,
    0x30, 0x2C, 0xB1, 0xA3, 0x26, 0xB0, 0x28, 0xAD, 0xAA, 0x2E, 0x2B, 0x50,
    0x05, 0x52, 0x24, 0x00, 0xED, 0x97, 0xA4, 0x22, 0xEB, 0x99, 0x01, 0x0B,
    0x54, 0x0B, 0xAC, 0x76, 0xDA, 0x6E, 0x6B, 0x6E, 0xB2, 0x80, 0xAE, 0x5A,
    0x42, 0x0C, 0x09, 0xE8, 0x7A, 0x2E, 0xB4, 0x7F, 0x2E, 0x1B, 0x63, 0xB9,
    0xEF, 0xBE, 0x0B, 0xE7, 0xAA, 0x31, 0x32, 0xE0, 0x6E, 0xBD, 0xC4, 0xDE,
    0xFB, 0x68, 0x07, 0x11, 0xD0, 0xCB, 0xAF, 0xB9, 0xF1, 0x2E, 0xCB, 0xD9,
    0xC0, 0xE7, 0xFA, 0x6B, 0x26, 0x04, 0x11, 0x1C, 0x8C, 0xB0, 0xBD, 0x06,
    0x7A, 0x5A, 0x1A, 0x02, 0xFB, 0x3E, 0xBC, 0x2B, 0x85, 0x66, 0x4E, 0x30,
    0x81, 0xC3, 0x16, 0x9B, 0x4B, 0x1B, 0x0C, 0x13, 0x58, 0x30, 0x41, 0x08,
    0x71, 0x82, 0xD7, 0xB1, 0xC7, 0x9E, 0x6E, 0x6C, 0xF2, 0xC9, 0xDB, 0x1A,
    0x20, 0x82, 0x11, 0x37, 0xAC, 0x70, 0xC3, 0x11, 0x22, 0x3C, 0x20, 0x82,
    0xB8, 0xCC, 0xB1, 0x5C, 0x2F, 0x6D, 0x2C, 0x08, 0x40, 0x81, 0x00, 0x47,
    0xA4, 0xD8, 0x81, 0x09, 0x1C, 0xEB, 0x0C, 0xED, 0x1B, 0x2B, 0x50, 0xA0,
    0xB4, 0xD2, 0x2B, 0xC8, 0x7C, 0xC4, 0x02, 0x65, 0x54, 0x97, 0xB3, 0xD1,
    0xE7, 0x5E, 0xE0, 0xC1, 0xD2, 0x14, 0x58, 0xED, 0x81, 0x00, 0x2C, 0xD4,
    0xA6, 0x1A, 0x06, 0x0C, 0xAC, 0x4C, 0xF5, 0xAB, 0x5B, 0x0B, 0x60, 0xF6,
    0xD9, 0x57, 0x2F, 0xCD, 0xC2, 0x0D, 0x46, 0xD0, 0x21, 0xB5, 0x40, 0x38,
    0x9B, 0x55, 0xDF, 0xD8, 0xDB, 0x0A, 0x20, 0xC1, 0xD9, 0x66, 0x4B, 0xE0,
    0x41, 0x11, 0x4A, 0x5B, 0xFF, 0x2D, 0xC0, 0x0A, 0x7A, 0x0D, 0x07, 0x36,
    0xDD, 0xD0, 0x96, 0x8D, 0xF7, 0xE1, 0x02, 0xA4, 0x4D, 0x41, 0x1C, 0x46,
    0x3C, 0x10, 0xC3, 0x03, 0x44, 0xB0, 0x40, 0x04, 0x00, 0x24, 0x9F, 0xA5,
    0x1A, 0x17, 0x84, 0x43, 0x2B, 0xC0, 0x0C, 0x88, 0xE3, 0x7D, 0x37, 0xDF,
    0x3F, 0x03, 0x2E, 0x50, 0x17, 0x1E, 0xDC, 0x55, 0x79, 0x59, 0x71, 0x0D,
    0x9E, 0xF9, 0xAE, 0x9D, 0xB7, 0x6E, 0xB6, 0xD2, 0x2C, 0xB0, 0x50, 0x05,
    0x0B, 0x75, 0x78, 0x41, 0x1C, 0x5A, 0x15, 0x8C, 0x1A, 0x99, 0x64, 0xAB,
    0x6F, 0xEE, 0xFA, 0xD9, 0x33, 0x7C, 0x4E, 0x81, 0x07, 0x5B, 0x7B, 0x20,
    0xD0, 0xED, 0x63, 0x85, 0x10, 0x81, 0x01, 0x0C, 0x14, 0xCD, 0x1F, 0x02,
    0xC7, 0x45, 0xFF, 0x2C, 0xE1, 0x17, 0xFC, 0xDE, 0xFA, 0x05, 0x14, 0x9C,
    0xA1, 0xC6, 0x08, 0x73, 0x50, 0x5E, 0x56, 0x69, 0x2A, 0x54, 0xEC, 0x9B,
    0x64, 0x24, 0x20, 0x80, 0x90, 0x63, 0xE2, 0x9F, 0xEC, 0xBB, 0xDD, 0x12,
    0xB4, 0xEF, 0x7E, 0xFB, 0x67, 0xDF, 0x7D, 0x81, 0xE8, 0x12, 0x30, 0xE1,
    0xFD, 0x58, 0x0B, 0x40, 0xC0, 0x7C, 0x7F, 0x0C, 0x10, 0x76, 0x00, 0x07,
    0x15, 0xE0, 0x80, 0x00, 0x05, 0x78, 0xAC, 0xC0, 0x64, 0xAE, 0x7A, 0x76,
    0x1B, 0x01, 0x08, 0x16, 0xC8, 0x40, 0x10, 0x8C, 0xE0, 0x6E, 0x87, 0x1B,
    0x81, 0x02, 0x9B, 0x70, 0x3A, 0xB1, 0x08, 0x01, 0x00, 0x58, 0x48, 0x9F,
    0x67, 0x5E, 0x43, 0x82, 0x17, 0x41, 0x44, 0x41, 0x54, 0x63, 0x9F, 0x16,
    0x0E, 0x82, 0x83, 0x1A, 0xB8, 0x2F, 0x6F, 0x26, 0x14, 0x48, 0x05, 0xC1,
    0xB2, 0x00, 0x0B, 0xEC, 0x2F, 0x3A, 0x09, 0x18, 0x8C, 0x01, 0x1E, 0xE0,
    0x97, 0xB9, 0x74, 0xE0, 0x56, 0x73, 0xD1, 0x8C, 0xD8, 0x58, 0x76, 0x81,
    0x1E, 0x56, 0xC1, 0x65, 0x28, 0x08, 0xA2, 0x18, 0xFF, 0x50, 0x40, 0x83,
    0x1C, 0x2C, 0x70, 0x04, 0x67, 0x33, 0xA2, 0xFD, 0xCA, 0x72, 0xC3, 0x1A,
    0x8D, 0x2F, 0x00, 0x24, 0xA0, 0xCD, 0x45, 0x9C, 0x67, 0x34, 0xF9, 0x00,
    0xE0, 0x86, 0x07, 0xA1, 0x81, 0x0D, 0x6C, 0x20, 0x00, 0xB4, 0x44, 0x60,
    0x02, 0x2F, 0x8C, 0x4D, 0x0C, 0x03, 0x33, 0xC3, 0x29, 0x1C, 0x26, 0x5D,
    0x0B, 0xA9, 0xC0, 0xF4, 0x74, 0xA6, 0x81, 0xCF, 0x1C, 0x60, 0x01, 0x58,
    0x84, 0xDB, 0x10, 0x44, 0x80, 0x82, 0x26, 0xE4, 0xC0, 0x88, 0x74, 0x34,
    0xCB, 0x0D, 0x0F, 0x70, 0x01, 0x09, 0x41, 0x06, 0x09, 0x19, 0x99, 0xD1,
    0x0E, 0x4F, 0xD6, 0x80, 0x36, 0x76, 0x66, 0x3E, 0x71, 0xC4, 0xCB, 0x09,
    0xC0, 0x28, 0xB0, 0xCE, 0x24, 0xE0, 0x91, 0x1E, 0x7A, 0x40, 0x05, 0x3E,
    0x80, 0xBC, 0x88, 0x3C, 0xA0, 0x00, 0x83, 0xEC, 0x98, 0x06, 0x0C, 0x19,
    0x00, 0x06, 0x18, 0xA0, 0x03, 0x27, 0x38, 0x48, 0x08, 0x86, 0x30, 0x04,
    0x14, 0x9C, 0xE5, 0x05, 0xA7, 0xD2, 0x95, 0x8D, 0x3E, 0x12, 0x1F, 0x0D,
    0x8A, 0x4A, 0x01, 0x86, 0xBC, 0xC0, 0x7C, 0x94, 0x90, 0x97, 0x13, 0xEC,
    0x49, 0x60, 0x90, 0x9C, 0xE4, 0x24, 0x2F, 0x02, 0x83, 0xB9, 0xAC, 0x31,
    0x36, 0x08, 0x78, 0x24, 0x15, 0x77, 0xC5, 0xC9, 0x4E, 0x1A, 0xC0, 0x01,
    0xA1, 0x7C, 0x0B, 0xAE, 0xAC, 0x74, 0x01, 0xF3, 0x81, 0x24, 0x3C, 0x03,
    0x60, 0x80, 0x40, 0x0C, 0xD0, 0x47, 0x57, 0x8A, 0xAA, 0x83, 0x00, 0xA0,
    0xA5, 0x32, 0x17, 0x30, 0xA8, 0x60, 0xC6, 0xF0, 0x03, 0x15, 0xB8, 0xCB,
    0x45, 0xC0, 0x00, 0x40, 0xC1, 0x84, 0x07, 0x01, 0x05, 0x28, 0xC1, 0x07,
    0x0C, 0x00, 0xC9, 0x61, 0x12, 0xCB, 0x93, 0x52, 0x88, 0x02, 0x0A, 0x44,
    0xD0, 0x96, 0x18, 0x1D, 0x60, 0x0B, 0xD2, 0x7C, 0xE6, 0x6B, 0xA0, 0x43,
    0xFF, 0x2A, 0x44, 0x0D, 0x64, 0x0A, 0x20, 0xDC, 0x56, 0x94, 0xDE, 0x12,
    0x01, 0x17, 0x16, 0xE0, 0x0A, 0x05, 0x78, 0x40, 0x09, 0xD8, 0x84, 0x91,
    0x23, 0x69, 0x86, 0x3F, 0x09, 0x98, 0x40, 0x8C, 0x22, 0x00, 0xCE, 0x07,
    0x80, 0xAD, 0x79, 0xEE, 0xEC, 0x4C, 0x10, 0x36, 0xF9, 0x24, 0x06, 0x58,
    0x01, 0x07, 0x4F, 0xA0, 0xC1, 0x0F, 0xEE, 0xF0, 0x03, 0x7A, 0x9E, 0xE5,
    0x41, 0x09, 0x70, 0xE6, 0x46, 0x66, 0x54, 0xA5, 0x7D, 0x42, 0x53, 0x9A,
    0x0C, 0x3D, 0x48, 0x40, 0x3F, 0xA3, 0x81, 0x06, 0x64, 0xE0, 0x4B, 0x76,
    0xAB, 0x01, 0x10, 0xD8, 0xA2, 0x1D, 0xCD, 0x80, 0x73, 0xA5, 0x8A, 0x5A,
    0x10, 0x3A, 0x0B, 0x6A, 0x90, 0x07, 0x38, 0x41, 0xA1, 0x09, 0x70, 0x67,
    0x06, 0x6C, 0xCA, 0x51, 0x16, 0x55, 0x4F, 0x02, 0x40, 0xC0, 0x01, 0x48,
    0x69, 0xB0, 0x2C, 0x96, 0xF6, 0xA7, 0x9F, 0x0F, 0x62, 0xC8, 0x20, 0x6B,
    0xAA, 0x00, 0x02, 0xD8, 0xF4, 0x49, 0x17, 0x08, 0x5E, 0xFB, 0x6A, 0xD0,
    0xC5, 0xB8, 0x85, 0x05, 0x02, 0x6F, 0xD3, 0x88, 0x55, 0x9F, 0x57, 0x00,
    0x07, 0x1C, 0x28, 0x21, 0x1C, 0xD8, 0x4D, 0x6C, 0x96, 0xAA, 0x00, 0x05,
    0x30, 0x35, 0x6C, 0x1C, 0xBA, 0x00, 0x04, 0x13, 0x18, 0x82, 0x15, 0xC6,
    0x69, 0xAD, 0x0C, 0x3A, 0x54, 0x56, 0x17, 0xD2, 0x1B, 0xBA, 0x12, 0xE0,
    0xB0, 0x0A, 0xD8, 0x01, 0x00, 0xC2, 0xB7, 0x20, 0xBD, 0x9A, 0xCD, 0x06,
    0x61, 0x00, 0x80, 0x49, 0x57, 0x05, 0xD8, 0xE8, 0x20, 0xA0, 0x7F, 0x16,
    0x78, 0xAB, 0x42, 0xB6, 0xDA, 0x80, 0xAE, 0x22, 0x96, 0x0C, 0x0E, 0x50,
    0xC1, 0x65, 0x33, 0x19, 0x9B, 0xEA, 0x65, 0x41, 0x00, 0x6C, 0x18, 0xC1,
    0xCD, 0x80, 0x35, 0x23, 0x13, 0xC4, 0xC7, 0x83, 0x0F, 0xE1, 0xAC, 0x67,
    0x09, 0x90, 0x58, 0x82, 0xFF, 0xB8, 0x96, 0x3F, 0x17, 0xB0, 0xC1, 0x4E,
    0xAD, 0xD5, 0xA8, 0x63, 0xF9, 0x06, 0x01, 0xC0, 0x05, 0xEE, 0x01, 0x1C,
    0xF0, 0x05, 0x87, 0x2C, 0x60, 0x87, 0x08, 0xC8, 0xC0, 0x61, 0x97, 0x9B,
    0xD8, 0x13, 0x08, 0xC1, 0x09, 0x0E, 0xC0, 0x00, 0x70, 0xE1, 0x73, 0x01,
    0x39, 0x8C, 0xE0, 0x07, 0x51, 0x58, 0x56, 0x69, 0xA6, 0x05, 0x9B, 0x09,
    0x59, 0x44, 0x6C, 0xF2, 0x71, 0xC1, 0x52, 0x99, 0x8B, 0x06, 0x00, 0xA4,
    0xA0, 0x20, 0xF1, 0x39, 0x14, 0x6F, 0x73, 0x14, 0x54, 0xD0, 0x6C, 0x54,
    0x03, 0x26, 0xEA, 0x40, 0x05, 0x34, 0x56, 0xC9, 0x85, 0x18, 0x00, 0xBC,
    0x07, 0x10, 0x6F, 0x03, 0x0E, 0xDB, 0xD9, 0x31, 0xAC, 0xE1, 0x82, 0x00,
    0xF8, 0x62, 0x05, 0xA6, 0x0B, 0x43, 0x11, 0x54, 0x80, 0xB7, 0xDB, 0x85,
    0x8D, 0x5D, 0x15, 0xD0, 0x02, 0xF3, 0x4E, 0x64, 0x45, 0xDD, 0xCD, 0xEF,
    0x78, 0x99, 0xAB, 0x03, 0x00, 0x24, 0x93, 0x20, 0xD1, 0xE9, 0x67, 0x4C,
    0x6D, 0x95, 0xE0, 0xCF, 0x04, 0x61, 0xC1, 0x6E, 0xD8, 0xC0, 0x79, 0x25,
    0x32, 0x81, 0x1D, 0x86, 0x37, 0x03, 0xB3, 0xA5, 0xAD, 0x0E, 0x5E, 0x80,
    0x87, 0x10, 0x41, 0x20, 0x06, 0xCE, 0x5B, 0xD9, 0x8B, 0xA0, 0x80, 0xE0,
    0xF6, 0x7A, 0x66, 0xC1, 0x0D, 0x36, 0x2B, 0x43, 0x20, 0x0C, 0x9B, 0x17,
    0xA5, 0x61, 0xC2, 0x88, 0x85, 0x03, 0x42, 0x56, 0x36, 0x9F, 0x72, 0x1D,
    0x6A, 0xC3, 0x1C, 0xB6, 0x71, 0x67, 0x16, 0x6C, 0x06, 0x65, 0x45, 0x84,
    0xC7, 0xBF, 0x89, 0x40, 0x0F, 0x94, 0xBB, 0x5C, 0x15, 0xBF, 0x20, 0x09,
    0x21, 0x6A, 0x14, 0xC7, 0x0A, 0xC0, 0xCE, 0xD0, 0x44, 0x80, 0xC6, 0x35,
    0x9E, 0x96, 0x5D, 0x11, 0x9B, 0x63, 0x8A, 0x40, 0xF9, 0x33, 0x1E, 0xE4,
    0x01, 0x90, 0xBD, 0x6A, 0xD7, 0x82, 0xA8, 0x66, 0x92, 0x65, 0xF2, 0x79,
    0xA4, 0x3F, 0xAD, 0xD5, 0x61, 0x0D, 0xCC, 0x56, 0x01, 0x6D, 0x78, 0x81,
    0x8E, 0x17, 0x52, 0xE2, 0xD8, 0x90, 0x07, 0x00, 0x6A, 0xDE, 0xEF, 0x72,
    0x3B, 0xAB, 0x83, 0xC1, 0x06, 0x18, 0x00, 0x1C, 0x93, 0x4F, 0x01, 0x8E,
    0xBC, 0xDE, 0x81, 0x84, 0x92, 0x03, 0x9D, 0x1D, 0x34, 0x83, 0x1D, 0x4C,
    0x62, 0xDF, 0xBC, 0x68, 0xCA, 0x82, 0x96, 0x74, 0x03, 0x64, 0x50, 0x10,
    0xED, 0x1C, 0x2C, 0x4A, 0x48, 0xE6, 0x6D, 0x28, 0x93, 0x10, 0x69, 0xFE,
    0x4E, 0x7A, 0xC4, 0x4F, 0xCE, 0xE4, 0xA5, 0x51, 0x5C, 0x65, 0x36, 0x13,
    0x80, 0xD3, 0x04, 0x29, 0x8D, 0xC3, 0xD6, 0xD4, 0x68, 0x37, 0x03, 0xE0,
    0x05, 0xA5, 0xEE, 0x6C, 0x83, 0x51, 0x1D, 0x11, 0x07, 0x0C, 0xF2, 0x45,
    0x27, 0x70, 0xC1, 0x98, 0x25, 0xFD, 0xEA, 0x83, 0x4C, 0x20, 0x06, 0x0E,
    0x88, 0xC1, 0x9E, 0xAD, 0xA5, 0x1A, 0x19, 0xE4, 0xFA, 0xD4, 0x15, 0xF9,
    0xB5, 0x40, 0x78, 0x30, 0x6C, 0x53, 0x17, 0xBB, 0x29, 0x01, 0x01, 0x00,
    0x21, 0xF9, 0x04, 0x09, 0x04, 0x00, 0x00, 0x00, 0x2C, 0x00, 0x00, 0x00,
    0x00, 0xD7, 0x00, 0x6E, 0x00, 0x86, 0x00, 0x00, 0x00, 0x54, 0x85, 0xA7,
    0x3A, 0x60, 0x7E, 0x99, 0xAA, 0xA8, 0x5C, 0x92, 0xB7, 0x53, 0x85, 0xA7,
    0x54, 0x85, 0xA7, 0x53, 0x85, 0xA6, 0x3C, 0x63, 0x83, 0x54, 0x85, 0xA8,
    0x7F, 0x7F, 0x7F, 0x54, 0x85, 0xA7, 0x41, 0x6B, 0x8B, 0x66, 0x98, 0x98,
    0x54, 0x85, 0xA8, 0xA6, 0xB6, 0xB1, 0x55, 0x55, 0xAA, 0x55, 0xAA, 0xAA,
    0x53, 0x88, 0xA8, 0x3F, 0x7F, 0xBF, 0x00, 0xFF, 0xFF, 0x7F, 0x7F, 0xFF,
    0x7B, 0x92, 0x9D, 0x52, 0x7E, 0xA9, 0x3F, 0x7F, 0x7F, 0x6F, 0x95, 0xAA,
    0x49, 0x76, 0x96, 0x38, 0x5D, 0x7A, 0x38, 0x62, 0x7E, 0x83, 0x9B, 0xA4,
    0x00, 0x00, 0xFF, 0x55, 0x55, 0x55, 0x9C, 0xAC, 0xA9, 0x00, 0x7F, 0x7F,
    0xFF, 0xFF, 0xFF, 0xAA, 0xAA, 0xAA, 0x3B, 0x60, 0x7E, 0x34, 0x66, 0x96,
    0x9B, 0xAC, 0xA9, 0x52, 0x7D, 0x9B, 0x51, 0x92, 0xB2, 0x34, 0x66, 0x78,
    0x98, 0x98, 0x98, 0x66, 0x99, 0xCC, 0x50, 0x7E, 0xA0, 0x3A, 0x61, 0x7E,
    0x7B, 0x92, 0x9C, 0x61, 0x9A, 0xC2, 0x3A, 0x60, 0x7E, 0x7B, 0x92, 0x9C,
    0x3F, 0x3F, 0x7F, 0x3A, 0x60, 0x7D, 0xA1, 0xAE, 0xA9, 0x7F, 0x7F, 0xBA,
    0x66, 0x66, 0x99, 0x3B, 0x61, 0x81, 0x46, 0x67, 0x77, 0x9D, 0xAC, 0xAA,
    0x33, 0x66, 0xCC, 0x55, 0x7F, 0x7F, 0xB2, 0xC3, 0xBD, 0xB8, 0xCA, 0xC6,
    0x84, 0x9C, 0xA7, 0x9D, 0xAD, 0xA8, 0xA2, 0xB3, 0xAE, 0x9B, 0xAC, 0xA8,
    0x37, 0x5B, 0x79, 0x99, 0xCC, 0xCC, 0x48, 0x6D, 0x91, 0x71, 0x8C, 0x9C,
    0x6A, 0x93, 0xB4, 0x50, 0x7F, 0xA5, 0xBF, 0xBF, 0xBF, 0x52, 0x5B, 0x7C,
    0x7B, 0x92, 0x9D, 0x7C, 0x91, 0x9C, 0x76, 0x8F, 0x9A, 0x30, 0x58, 0x7F,
    0x3C, 0x60, 0x7D, 0xA5, 0xB5, 0xB2, 0x72, 0x94, 0xA7, 0x98, 0xB2, 0xAE,
    0x3B, 0x62, 0x81, 0x7F, 0xAA, 0xAA, 0x55, 0xAA, 0xFF, 0x5C, 0x91, 0xB4,
    0x3B, 0x78, 0x96, 0x94, 0xAB, 0xAB, 0x38, 0x5B, 0x86, 0x50, 0x7D, 0x9D,
    0x7F, 0xBF, 0xBF, 0x4F, 0x7F, 0xA0, 0x91, 0x91, 0xB6, 0x4F, 0x8F, 0x9F,
    0x80, 0x99, 0xA1, 0x51, 0x81, 0x9E, 0x80, 0x98, 0xA3, 0x99, 0xAA, 0x99,
    0x48, 0x91, 0x91, 0x3F, 0xBF, 0xBF, 0x33, 0x99, 0xCC, 0x66, 0xA1, 0xCA,
    0x9C, 0xAC, 0xA8, 0x3D, 0x65, 0x84, 0x3A, 0x62, 0x80, 0xC0, 0xC0, 0xAA,
    0x91, 0xB6, 0x91, 0x7F, 0x7F, 0x9F, 0x9F, 0xB0, 0xAC, 0x77, 0x98, 0xA9,
    0x7C, 0x94, 0x9D, 0xA5, 0xB6, 0xB1, 0x82, 0x96, 0xA0, 0x37, 0x5B, 0x78,
    0x38, 0x5E, 0x7B, 0xAD, 0xBB, 0xB3, 0x71, 0x8F, 0xA0, 0xCC, 0xCC, 0xCC,
    0x00, 0xFF, 0x00, 0x00, 0x7F, 0xFF, 0x00, 0x00, 0x00, 0x00, 0x00, 0x00,
    0x00, 0x00, 0x00, 0x00, 0x00, 0x00, 0x00, 0x00, 0x00, 0x00, 0x00, 0x00,
    0x00, 0x00, 0x00, 0x00, 0x00, 0x00, 0x08, 0xFF, 0x00, 0x01, 0x08, 0x1C,
    0x48, 0xB0, 0xA0, 0xC1, 0x83, 0x08, 0x13, 0x2A, 0x5C, 0xC8, 0xB0, 0xA1,
    0xC3, 0x87, 0x10, 0x23, 0x4A, 0x9C, 0x48, 0xB1, 0xA2, 0xC5, 0x8B, 0x18,
    0x33, 0x6A, 0xDC, 0xC8, 0xB1, 0xA3, 0xC7, 0x8F, 0x20, 0x43, 0x8A, 0x1C,
    0x49, 0xB2, 0xA4, 0xC9, 0x93, 0x28, 0x53, 0xAA, 0x5C, 0xC9, 0xB2, 0xA5,
    0xCB, 0x97, 0x30, 0x63, 0xCA, 0x9C, 0x49, 0xB3, 0xA6, 0xCD, 0x9B, 0x38,
    0x73, 0xEA, 0xDC, 0xC9, 0xB3, 0xA7, 0xCF, 0x9F, 0x40, 0x83, 0x0A, 0x1D,
    0x4A, 0xB4, 0xA8, 0xD1, 0xA3, 0x48, 0x93, 0x2A, 0x5D, 0xCA, 0xB4, 0xA9,
    0xD3, 0xA7, 0x50, 0xA3, 0x4A, 0x9D, 0x4A, 0xB5, 0xAA, 0xD5, 0xAB, 0x58,
    0xB3, 0x6A, 0xDD, 0xCA, 0xB5, 0xAB, 0xD7, 0xAF, 0x60, 0xC3, 0x8A, 0x1D,
    0x4B, 0xB6, 0xAC, 0xD9, 0xB3, 0x68, 0xD3, 0xAA, 0x5D, 0xCB, 0xB6, 0xAD,
    0x5B, 0x87, 0x15, 0x56, 0x34, 0x98, 0x4B, 0xB7, 0x6E, 0x83, 0xB7, 0x78,
    0xF3, 0x32, 0x8D, 0x30, 0x97, 0x48, 0x83, 0x02, 0x06, 0x02, 0x0B, 0x1E,
    0x1C, 0xF8, 0x42, 0x83, 0x15, 0x7A, 0xAB, 0x1A, 0x78, 0x11, 0x80, 0x80,
    0xE3, 0xC7, 0x8F, 0x03, 0x24, 0x7E, 0x8A, 0xE1, 0xC2, 0x84, 0x03, 0x83,
    0x13, 0x04, 0xD8, 0xCC, 0xB9, 0xF3, 0x66, 0xC1, 0x12, 0x6C, 0x28, 0xA8,
    0x38, 0xC1, 0x46, 0x69, 0x0A, 0x93, 0x63, 0x26, 0x60, 0xEC, 0xD8, 0xB3,
    0xEB, 0xCD, 0x8F, 0x4F, 0xA4, 0x36, 0x8A, 0xA1, 0xC1, 0xE5, 0x03, 0x07,
    0x16, 0xBC, 0xDE, 0xED, 0xD9, 0xC0, 0x01, 0x09, 0x14, 0x3C, 0x48, 0xBC,
    0x80, 0x1B, 0xB7, 0x04, 0x00, 0xC2, 0x67, 0xA7, 0x5C, 0x90, 0x81, 0xB7,
    0xF3, 0xCE, 0x04, 0x0A, 0x00, 0x80, 0x30, 0xB1, 0x71, 0x63, 0xE9, 0xD4,
    0x95, 0x8F, 0xE4, 0x5B, 0x5C, 0xF7, 0xF3, 0xEF, 0x01, 0x0C, 0x9C, 0xFF,
    0xB8, 0x30, 0xFA, 0xE1, 0xE5, 0xCE, 0xD8, 0xB5, 0x97, 0xB4, 0x0E, 0x1E,
    0x7C, 0x74, 0x88, 0xA8, 0x51, 0x78, 0x4E, 0xAF, 0xDE, 0xA3, 0x87, 0x08,
    0x56, 0x70, 0xB7, 0xDF, 0x1F, 0xFE, 0x37, 0x05, 0xD4, 0x0B, 0x8D, 0x11,
    0xC1, 0x05, 0xF3, 0x4D, 0x57, 0x1F, 0x48, 0x1F, 0xB0, 0xC7, 0x1F, 0x78,
    0x2F, 0x1C, 0x00, 0x40, 0x0A, 0x0F, 0x15, 0x98, 0xDD, 0x81, 0x19, 0x51,
    0x00, 0x01, 0x0A, 0x05, 0x1C, 0xB0, 0xE0, 0x82, 0x06, 0x48, 0x80, 0x41,
    0x72, 0x08, 0x49, 0x50, 0x9C, 0x84, 0x14, 0x72, 0x24, 0xC1, 0x86, 0x1B,
    0x12, 0xE0, 0xE0, 0x04, 0x08, 0x8D, 0x76, 0xA2, 0x6B, 0xEF, 0x4D, 0x58,
    0x22, 0x45, 0x14, 0x54, 0x50, 0x44, 0x86, 0x28, 0x6E, 0xD8, 0xE1, 0x04,
    0x20, 0x12, 0xA4, 0x80, 0x88, 0xAF, 0x2D, 0x20, 0x5D, 0x05, 0x33, 0x62,
    0x54, 0x00, 0x01, 0x39, 0xA6, 0x68, 0x00, 0x00, 0x2C, 0x16, 0x34, 0x5A,
    0x01, 0xBB, 0x65, 0x01, 0x00, 0x91, 0x45, 0x4E, 0x44, 0x81, 0x02, 0x18,
    0x6A, 0x98, 0xE4, 0x86, 0x0E, 0x58, 0xD6, 0x23, 0x00, 0x0A, 0x28, 0x00,
    0xE5, 0x6B, 0x47, 0x78, 0x40, 0x65, 0x95, 0x13, 0x1D, 0xB9, 0x25, 0x8A,
    0x04, 0x2C, 0xD9, 0x64, 0x41, 0x63, 0xBA, 0x36, 0x24, 0x9A, 0xF0, 0x29,
    0xD0, 0x05, 0x8E, 0x6B, 0xA2, 0xE8, 0x80, 0x04, 0x6F, 0x0A, 0x74, 0x02,
    0x9E, 0x72, 0x4E, 0x49, 0xE7, 0x43, 0x76, 0x00, 0x70, 0x00, 0x92, 0x79,
    0xB2, 0xE9, 0xA6, 0x40, 0xD4, 0xA9, 0xB9, 0xDB, 0x9C, 0x83, 0x2E, 0xF4,
    0xDF, 0x09, 0x28, 0x18, 0x90, 0x68, 0x92, 0x7B, 0x36, 0x09, 0x01, 0x90,
    0xBC, 0x41, 0x1A, 0x69, 0x42, 0xA8, 0x19, 0x80, 0xE8, 0xA5, 0x6C, 0x3A,
    0xC0, 0x64, 0x04, 0x86, 0x3E, 0xE7, 0xE9, 0xA7, 0x05, 0x79, 0xE0, 0x81,
    0x04, 0x95, 0x92, 0xFF, 0xBA, 0x65, 0x97, 0x13, 0x44, 0x80, 0x82, 0x96,
    0x9D, 0x0A, 0xCA, 0xAA, 0x41, 0x21, 0x00, 0x20, 0xAA, 0xAC, 0x6B, 0x9A,
    0x9A, 0xAA, 0xAA, 0xBA, 0xEE, 0x4A, 0x90, 0x04, 0x12, 0x38, 0x00, 0x6C,
    0xB0, 0x17, 0x0C, 0xEB, 0xDC, 0xAA, 0xBB, 0xDE, 0x01, 0x80, 0xB2, 0xCB,
    0xE6, 0x69, 0x2A, 0xAE, 0xB9, 0x9E, 0x69, 0xEC, 0x05, 0x46, 0x38, 0x30,
    0x6A, 0xB5, 0x39, 0x26, 0x40, 0xDC, 0x77, 0xD0, 0x46, 0x4A, 0x1D, 0xB5,
    0xE0, 0xAE, 0x49, 0x80, 0x03, 0x71, 0x66, 0x6B, 0x2C, 0x00, 0x28, 0xD4,
    0x90, 0xC0, 0xB7, 0xE9, 0x96, 0x8A, 0xED, 0xA3, 0xC5, 0x46, 0x8A, 0xAA,
    0x66, 0xF5, 0xF6, 0x8B, 0x5E, 0xBE, 0x83, 0xEE, 0x4B, 0xAF, 0xBF, 0xE0,
    0x96, 0x5B, 0x65, 0x05, 0x14, 0xF0, 0x4B, 0x30, 0xC1, 0xF4, 0x7D, 0xEA,
    0xDD, 0xC2, 0xFE, 0x36, 0x8C, 0x66, 0x08, 0x0A, 0x43, 0x1C, 0xB1, 0x81,
    0x91, 0x3E, 0x6C, 0x71, 0xBF, 0x12, 0x17, 0x59, 0x41, 0xC5, 0x1B, 0xD7,
    0x2B, 0x9D, 0x0D, 0x11, 0x40, 0x10, 0x81, 0x08, 0x55, 0x86, 0xBC, 0xB0,
    0x74, 0x74, 0x46, 0x60, 0x04, 0xC8, 0x2A, 0x17, 0x3C, 0x82, 0x12, 0x3E,
    0xB8, 0xE0, 0xC3, 0x12, 0x23, 0x34, 0x30, 0x42, 0x79, 0xEA, 0xC5, 0xCC,
    0x30, 0x00, 0x31, 0x0C, 0x60, 0xC1, 0x00, 0x4B, 0xD4, 0x87, 0x9A, 0x04,
    0x09, 0x68, 0xEC, 0x33, 0xB8, 0x74, 0xB8, 0x60, 0xC1, 0xD3, 0x4F, 0xBB,
    0x60, 0xF3, 0x12, 0x0A, 0x70, 0x81, 0xAA, 0x5E, 0xA8, 0x29, 0xB0, 0x34,
    0xC1, 0x19, 0x74, 0x00, 0xB5, 0x05, 0x5D, 0x77, 0x30, 0x40, 0x0C, 0xA9,
    0xFD, 0x77, 0x01, 0xCC, 0x5B, 0xCB, 0x2A, 0xF6, 0x00, 0x6C, 0xB7, 0xED,
    0x35, 0xD4, 0x31, 0xF8, 0xA0, 0x84, 0x16, 0x57, 0x0B, 0xC4, 0x33, 0x5A,
    0xA8, 0x25, 0x91, 0x76, 0xBD, 0x03, 0x3C, 0xFF, 0xD0, 0x36, 0xDB, 0x0F,
    0x74, 0xC0, 0xC4, 0xD3, 0x5D, 0x0F, 0xE0, 0x42, 0x5E, 0x0A, 0xAC, 0x80,
    0xF4, 0xDE, 0xE0, 0xAE, 0xFD, 0xF7, 0xE3, 0x03, 0xBC, 0x6D, 0x01, 0x18,
    0x4A, 0x34, 0x50, 0x43, 0x03, 0x45, 0xC4, 0x50, 0x04, 0x00, 0x28, 0xA3,
    0x45, 0x20, 0xE3, 0xD5, 0x0E, 0x40, 0x03, 0xE4, 0x7F, 0xFB, 0x3D, 0xF8,
    0xD0, 0x87, 0x0B, 0x94, 0x44, 0x07, 0x77, 0x75, 0x3E, 0x96, 0x08, 0x14,
    0x14, 0x90, 0x00, 0xDA, 0xA0, 0xE7, 0x49, 0xFA, 0xED, 0x6C, 0x3F, 0x1D,
    0x43, 0x0C, 0x50, 0xC4, 0xE0, 0xC6, 0x1A, 0x00, 0x92, 0x45, 0xE4, 0x11,
    0x03, 0x3F, 0x07, 0xD9, 0xF1, 0xB5, 0x7B, 0x26, 0x3A, 0xEE, 0x6D, 0xD3,
    0x60, 0xBA, 0x05, 0x1D, 0x88, 0xDD, 0x81, 0x40, 0xC1, 0x8B, 0xA5, 0x40,
    0x05, 0xB2, 0x2F, 0x98, 0x40, 0x71, 0xDC, 0xE3, 0x66, 0x69, 0xF2, 0x9B,
    0x65, 0xC0, 0xFC, 0xED, 0x19, 0x58, 0xE0, 0x05, 0x1C, 0x26, 0x84, 0xC1,
    0x39, 0x59, 0x32, 0x00, 0x90, 0x45, 0xF1, 0x9E, 0x45, 0xF6, 0x82, 0xB0,
    0x07, 0x11, 0x18, 0x59, 0xED, 0xCB, 0xF7, 0xFD, 0xC0, 0xFE, 0xFC, 0xEF,
    0xDF, 0xB6, 0xDF, 0x19, 0x48, 0xDD, 0x03, 0xA2, 0xB0, 0x3E, 0xEB, 0x41,
    0x20, 0x7B, 0xCF, 0x71, 0x00, 0x61, 0x0A, 0x50, 0x82, 0x0B, 0x94, 0xE0,
    0x81, 0x0F, 0x6C, 0x40, 0x09, 0x4E, 0x30, 0x98, 0xE4, 0x89, 0xAF, 0x6F,
    0x26, 0x00, 0x81, 0x06, 0x37, 0x08, 0x02, 0x13, 0xF8, 0xED, 0x71, 0x26,
    0xC8, 0xE0, 0x15, 0x5C, 0x17, 0x16, 0x0C, 0x00, 0xE0, 0x0B, 0xC5, 0x93,
    0x1F, 0xCB, 0x24, 0xA2, 0xA0, 0xBD, 0xE9, 0x2F, 0x0D, 0x07, 0xC9, 0x41,
    0x0F, 0xF8, 0x07, 0xB8, 0x19, 0x0A, 0x84, 0x84, 0x5F, 0x51, 0x40, 0x04,
    0x10, 0xE8, 0x9A, 0x05, 0x36, 0xC0, 0x30, 0x73, 0x91, 0x91, 0x41, 0xFF,
    0xE8, 0x42, 0x84, 0xC0, 0x68, 0x00, 0x74, 0x19, 0x48, 0x22, 0x14, 0x0A,
    0x30, 0x02, 0x15, 0x38, 0x51, 0x0D, 0x2A, 0xF8, 0x01, 0x10, 0x34, 0x68,
    0x82, 0xB6, 0x4D, 0x91, 0x80, 0x64, 0x31, 0xE1, 0xA1, 0xA0, 0xD3, 0x9A,
    0xE3, 0x68, 0x24, 0x0E, 0xE0, 0x53, 0x11, 0x00, 0x4C, 0x78, 0x90, 0x1F,
    0xF0, 0x80, 0x07, 0x03, 0x38, 0x4B, 0x08, 0x76, 0x08, 0xB2, 0xC1, 0x48,
    0xE0, 0x87, 0x87, 0xA9, 0x1E, 0x44, 0x70, 0x70, 0x02, 0x18, 0x68, 0x40,
    0x03, 0x2C, 0xD8, 0xDA, 0x11, 0x39, 0x73, 0x00, 0x05, 0x90, 0xD1, 0x6E,
    0x43, 0x68, 0xE2, 0x15, 0x80, 0x30, 0xC5, 0x26, 0x96, 0x05, 0x42, 0x5B,
    0x6C, 0x0C, 0x92, 0x40, 0x02, 0x03, 0x04, 0x6C, 0x60, 0x8F, 0x3E, 0x13,
    0x00, 0x24, 0x1D, 0xF4, 0xC7, 0xB7, 0x84, 0x00, 0x03, 0x3C, 0x74, 0x80,
    0x02, 0xC5, 0x00, 0x47, 0x8B, 0x94, 0xA0, 0x09, 0x25, 0xC0, 0x41, 0x0B,
    0x6E, 0x20, 0x00, 0x04, 0x08, 0x80, 0x01, 0x7A, 0x84, 0x64, 0x02, 0x0A,
    0x80, 0x81, 0x5E, 0x19, 0x44, 0x04, 0x43, 0x18, 0x82, 0x0A, 0xCC, 0xA2,
    0x03, 0x43, 0x35, 0x27, 0x03, 0x0B, 0x08, 0xC9, 0x29, 0x4D, 0xE9, 0x48,
    0x48, 0xC6, 0x0C, 0x01, 0x7B, 0xCC, 0x80, 0x83, 0x6A, 0x69, 0x49, 0xEC,
    0x29, 0x6B, 0x01, 0x0A, 0x5C, 0xC1, 0x05, 0x6C, 0x90, 0x11, 0x2C, 0xB4,
    0xE0, 0x99, 0x2D, 0x28, 0xA5, 0x00, 0xA6, 0xC9, 0x80, 0x3C, 0x2E, 0xCD,
    0x97, 0xAB, 0x9C, 0x80, 0x2B, 0xDB, 0x52, 0x4B, 0x03, 0x94, 0x81, 0x00,
    0x09, 0xE0, 0x48, 0xAF, 0x4A, 0x80, 0x00, 0x06, 0x98, 0xD3, 0x94, 0xD3,
    0x7C, 0x64, 0xF2, 0x5E, 0xB0, 0x24, 0x62, 0xB6, 0x85, 0x48, 0x05, 0xD0,
    0xA4, 0x01, 0x94, 0xA9, 0x91, 0x10, 0x24, 0x81, 0x94, 0xD3, 0x9C, 0x26,
    0x02, 0xF6, 0x29, 0xFF, 0x49, 0xF0, 0xAD, 0xD2, 0x08, 0x53, 0x50, 0xC1,
    0x08, 0xDE, 0x45, 0x90, 0x5E, 0xE1, 0x80, 0x01, 0xF9, 0x4C, 0xE7, 0x06,
    0x16, 0xEA, 0x4B, 0xC6, 0xB5, 0x49, 0x2F, 0x89, 0x5B, 0x41, 0x25, 0x2F,
    0x12, 0x82, 0x14, 0xE0, 0x33, 0x9F, 0xE5, 0x34, 0x67, 0x35, 0x79, 0xB3,
    0x80, 0xD9, 0xCD, 0x8E, 0x3F, 0x2C, 0xB8, 0xE3, 0x96, 0x12, 0xD0, 0x86,
    0x1C, 0x3C, 0xE1, 0x07, 0x48, 0xA8, 0x03, 0x12, 0x06, 0xBA, 0xAB, 0xD1,
    0x70, 0x00, 0xA1, 0x09, 0xDD, 0x80, 0x7B, 0xC2, 0x29, 0x10, 0x09, 0xC0,
    0xEF, 0x35, 0x1A, 0x50, 0xE7, 0x96, 0xFA, 0xD6, 0x83, 0x20, 0x10, 0xD4,
    0x6E, 0x16, 0x45, 0x67, 0x3E, 0x51, 0x09, 0x1E, 0x03, 0x5C, 0xE0, 0x8D,
    0xB2, 0xF3, 0x28, 0xED, 0x38, 0x93, 0x53, 0x06, 0x6C, 0x41, 0x69, 0xFC,
    0x11, 0xDF, 0x03, 0x82, 0x90, 0x03, 0x93, 0xFE, 0x60, 0x57, 0x1F, 0x00,
    0xC0, 0x4B, 0x13, 0x5A, 0xCA, 0xF6, 0x98, 0xAA, 0x4F, 0x04, 0x79, 0x4E,
    0x53, 0x85, 0x50, 0x05, 0xC6, 0xE4, 0x28, 0x03, 0xCE, 0xDB, 0x5F, 0x0F,
    0xD2, 0x78, 0xB7, 0x2A, 0x79, 0x40, 0x01, 0x41, 0xE5, 0x2A, 0x02, 0xDA,
    0x93, 0x80, 0x08, 0x34, 0xC9, 0x03, 0x17, 0x18, 0x8F, 0x7E, 0x9C, 0xC3,
    0x80, 0x0D, 0x30, 0x40, 0x08, 0x49, 0x85, 0x2A, 0x78, 0x32, 0xF0, 0x41,
    0x0C, 0x8A, 0x00, 0x87, 0x45, 0xA2, 0x8E, 0x13, 0x60, 0x9A, 0xD0, 0xB9,
    0x7E, 0x07, 0x9C, 0x4C, 0x2A, 0xC8, 0x89, 0x6E, 0x1A, 0x80, 0x9C, 0x96,
    0x93, 0x04, 0x03, 0x71, 0x54, 0x54, 0x3F, 0xC8, 0x03, 0x33, 0x00, 0x80,
    0xA5, 0x83, 0xA2, 0x0E, 0x07, 0x84, 0x8A, 0xD1, 0xF6, 0x18, 0xE0, 0x3E,
    0x03, 0xB9, 0xD5, 0xBD, 0x5E, 0xD3, 0xD7, 0x7D, 0xB6, 0x40, 0x01, 0x27,
    0x98, 0x40, 0x01, 0x3A, 0x2A, 0x58, 0xDE, 0xFF, 0x88, 0x8F, 0x0D, 0x03,
    0x78, 0x83, 0x09, 0x76, 0xF6, 0x29, 0xC5, 0x32, 0xB6, 0xB4, 0xC6, 0xFB,
    0xAA, 0xDD, 0x00, 0xF0, 0xA2, 0xE7, 0xB4, 0x96, 0x01, 0x33, 0x18, 0xA3,
    0x64, 0x17, 0x94, 0x01, 0x1E, 0xF8, 0xD4, 0x58, 0x44, 0xE2, 0xC0, 0x19,
    0x48, 0x2B, 0x00, 0x18, 0x7C, 0x67, 0x01, 0x06, 0x30, 0x99, 0xDD, 0x38,
    0xC5, 0x1B, 0x16, 0xB0, 0xA0, 0xB5, 0x08, 0x68, 0x81, 0x76, 0x91, 0xB3,
    0x83, 0x09, 0x48, 0x60, 0x01, 0xB5, 0x7D, 0x4D, 0x06, 0xE6, 0x60, 0x02,
    0x24, 0x4C, 0xC1, 0x58, 0x59, 0x1D, 0x2D, 0x46, 0x05, 0x70, 0x82, 0xF4,
    0xAE, 0xCB, 0x49, 0x00, 0x68, 0xD7, 0x6E, 0xFA, 0x4A, 0xCD, 0xE4, 0x4E,
    0x74, 0x20, 0x44, 0x68, 0xCF, 0x7D, 0x7F, 0x1A, 0x5F, 0xA1, 0x22, 0x00,
    0x06, 0x25, 0x50, 0x1A, 0x7A, 0x17, 0x6C, 0x80, 0x08, 0x90, 0x61, 0x20,
    0x4F, 0x72, 0x4E, 0x1E, 0x11, 0x6A, 0x4A, 0xE4, 0x42, 0xE0, 0xBF, 0x14,
    0x18, 0x10, 0x7A, 0xC1, 0xE3, 0x80, 0x11, 0x34, 0xEB, 0x5D, 0x05, 0xD6,
    0xA7, 0x00, 0xA8, 0x13, 0x3F, 0x07, 0x25, 0x24, 0xC2, 0xBC, 0xE1, 0xEF,
    0x50, 0xFD, 0xBB, 0x90, 0xC7, 0x0A, 0x17, 0xC4, 0x5A, 0x45, 0xE7, 0x81,
    0x9B, 0x00, 0x00, 0xA5, 0x1D, 0x20, 0x02, 0x3B, 0x80, 0x00, 0x04, 0xE4,
    0x88, 0xE2, 0x20, 0xFD, 0xB6, 0x94, 0x52, 0x48, 0xC1, 0x7F, 0x07, 0x52,
    0x81, 0xF3, 0x42, 0x55, 0x63, 0x4B, 0xA2, 0x02, 0x41, 0x43, 0x6C, 0xCA,
    0x6D, 0x3E, 0xCC, 0x41, 0x75, 0x33, 0x48, 0x8F, 0x5D, 0x53, 0x05, 0x39,
    0xFC, 0x18, 0xB9, 0xCA, 0x5D, 0x88, 0xC6, 0x1C, 0x44, 0xAD, 0x17, 0xC3,
    0x58, 0xBE, 0xA6, 0x84, 0x10, 0x98, 0x9E, 0x0C, 0x80, 0x28, 0xE3, 0x57,
    0xBF, 0xE8, 0x11, 0x02, 0x75, 0x11, 0x20, 0x05, 0x2C, 0x0C, 0x19, 0xA4,
    0xC2, 0x0A, 0xA8, 0x98, 0x01, 0xE2, 0xF9, 0x19, 0x0A, 0x28, 0x79, 0xC9,
    0x31, 0x96, 0xA6, 0x98, 0x6B, 0xCC, 0xC7, 0x32, 0x9F, 0x38, 0xBF, 0xF8,
    0x02, 0x00, 0x09, 0xA8, 0x8B, 0xE5, 0x37, 0x53, 0x8F, 0xCF, 0x9C, 0x51,
    0x91, 0x26, 0x23, 0x4B, 0xE0, 0x18, 0xEF, 0x13, 0x06, 0x56, 0x18, 0x08,
    0x99, 0xCD, 0xEC, 0x23, 0x40, 0x93, 0x49, 0x20, 0x83, 0x96, 0x2B, 0x1A,
    0x70, 0x60, 0x68, 0x00, 0xA0, 0xA6, 0x62, 0x2A, 0x32, 0x80, 0x97, 0xBF,
    0xCC, 0xCF, 0x89, 0x2E, 0xE0, 0x3D, 0x94, 0x3E, 0xF3, 0x6B, 0x58, 0x96,
    0x69, 0xB9, 0x62, 0xB6, 0x7D, 0x0A, 0xA1, 0x0E, 0xBF, 0x1E, 0x0A, 0x56,
    0x52, 0x1F, 0xD8, 0xCC, 0xA7, 0x96, 0x4E, 0xAA, 0x2B, 0x8D, 0xE6, 0x00,
    0xB0, 0x9A, 0xBA, 0xA5, 0x7C, 0xF5, 0x42, 0x88, 0xA4, 0xB0, 0x45, 0xFD,
    0xB4, 0x20, 0x18, 0xC0, 0x00, 0xAC, 0x09, 0x82, 0x81, 0x1A, 0xC8, 0xF1,
    0xCF, 0x68, 0x96, 0x4E, 0x8E, 0x5B, 0x8D, 0x51, 0x61, 0x33, 0x24, 0x02,
    0x35, 0x98, 0x40, 0x0D, 0xDA, 0x7A, 0x6C, 0x8E, 0xB8, 0x28, 0x50, 0x3B,
    0x10, 0xF4, 0x9A, 0xAD, 0x2D, 0x95, 0x80, 0x00, 0x00, 0x21, 0xF9, 0x04,
    0x09, 0x04, 0x00, 0x00, 0x00, 0x2C, 0x00, 0x00, 0x00, 0x00, 0xD7, 0x00,
    0x6E, 0x00, 0x86, 0x00, 0x00, 0x00, 0x54, 0x85, 0xA7, 0x3B, 0x61, 0x81,
    0x99, 0xAA, 0xA8, 0x5C, 0x92, 0xB7, 0x53, 0x84, 0xA6, 0x53, 0x84, 0xA7,
    0x54, 0x85, 0xA7, 0x54, 0x85, 0xA7, 0x54, 0x85, 0xA7, 0x41, 0x6B, 0x8C,
    0x55, 0xAA, 0xAA, 0x7F, 0x7F, 0x7F, 0x54, 0x86, 0xA8, 0x00, 0xFF, 0xFF,
    0x3F, 0x7F, 0x7F, 0x3F, 0x7F, 0xBF, 0x54, 0x87, 0xA7, 0xA6, 0xB5, 0xB1,
    0x7B, 0x92, 0x9D, 0x7F, 0x7F, 0xFF, 0x00, 0x00, 0xFF, 0x3A, 0x60, 0x7E,
    0x55, 0x55, 0xAA, 0x38, 0x5D, 0x7C, 0x67, 0x98, 0x98, 0x6F, 0x95, 0xAC,
    0x4A, 0x77, 0x98, 0x34, 0x65, 0x93, 0x54, 0x7E, 0xA9, 0x66, 0x99, 0xCC,
    0x9C, 0xAC, 0xA8, 0x3B, 0x62, 0x82, 0xFF, 0xFF, 0xFF, 0x35, 0x65, 0x71,
    0x3B, 0x61, 0x81, 0x00, 0x7F, 0x7F, 0x84, 0x9B, 0xA4, 0x7B, 0x92, 0x9D,
    0x50, 0x7D, 0x99, 0x61, 0x9A, 0xC2, 0x50, 0x93, 0xB3, 0x99, 0x99, 0x99,
    0x7B, 0x92, 0x9C, 0x4F, 0x7E, 0xA1, 0x3B, 0x63, 0x82, 0x3B, 0x61, 0x7E,
    0x3F, 0x3F, 0x7F, 0xB7, 0xC9, 0xC4, 0x3B, 0x61, 0x7E, 0x9C, 0xAD, 0xA9,
    0x66, 0x66, 0x99, 0x33, 0x66, 0xCC, 0x9C, 0xAC, 0xA8, 0x39, 0x5D, 0x7C,
    0x3C, 0x62, 0x81, 0xBF, 0xBF, 0xBF, 0x3D, 0x64, 0x84, 0x3C, 0x62, 0x82,
    0xA3, 0xB4, 0xAF, 0xA1, 0xAE, 0xA8, 0x7F, 0x7F, 0xAF, 0x3A, 0x60, 0x7F,
    0x55, 0x55, 0x55, 0xAA, 0xAA, 0xAA, 0x37, 0x61, 0x7E, 0x9B, 0xAC, 0xA9,
    0x98, 0xB2, 0xAE, 0x82, 0x9A, 0xA5, 0x3A, 0x5E, 0x7E, 0x9C, 0xAC, 0xA8,
    0x77, 0x8F, 0x9A, 0x66, 0x8F, 0xA7, 0x7F, 0xBF, 0xBF, 0x7E, 0x95, 0x9E,
    0x7C, 0x93, 0x9D, 0x39, 0x60, 0x7D, 0x39, 0x5E, 0x7D, 0x6F, 0x89, 0x96,
    0x6D, 0x91, 0xB6, 0x37, 0x5D, 0x7F, 0xA9, 0xB8, 0xB2, 0x96, 0xAC, 0xAC,
    0x5A, 0x90, 0xB3, 0x9D, 0xAC, 0xAA, 0x68, 0x92, 0xAC, 0x99, 0xCC, 0xCC,
    0x55, 0x89, 0x9C, 0x99, 0xCC, 0x99, 0x52, 0x7F, 0xA5, 0x33, 0x99, 0x99,
    0x4F, 0x7F, 0x9F, 0x3F, 0xBF, 0xBF, 0x5A, 0x7F, 0x7F, 0x48, 0x6D, 0xB6,
    0x7C, 0x92, 0x9C, 0x44, 0x66, 0x88, 0x46, 0x5B, 0x8E, 0xB0, 0xC2, 0xBD,
    0xA9, 0xB9, 0xB4, 0x4A, 0x77, 0x99, 0x3F, 0x7F, 0x9F, 0xBD, 0xBD, 0xA8,
    0x51, 0x81, 0x9E, 0x48, 0x91, 0x91, 0x55, 0xAA, 0xFF, 0xAA, 0xD4, 0xAA,
    0x78, 0x8F, 0x9B, 0x39, 0x61, 0x7F, 0xA0, 0xAE, 0xAB, 0x76, 0x98, 0xA8,
    0xA3, 0xB4, 0xAF, 0x7F, 0xAA, 0xAA, 0x3A, 0x5F, 0x80, 0x38, 0x55, 0x8D,
    0x66, 0xA2, 0xCB, 0x3A, 0x5F, 0x7E, 0x39, 0x5F, 0x7F, 0x3A, 0x5F, 0x7E,
    0x91, 0x91, 0xB6, 0x82, 0x97, 0xA0, 0x9F, 0xB0, 0xAC, 0x40, 0x69, 0x89,
    0x00, 0xFF, 0x00, 0x91, 0xB6, 0x91, 0x00, 0x7F, 0x00, 0x00, 0x00, 0x00,
    0x00, 0x00, 0x00, 0x08, 0xFF, 0x00, 0x01, 0x08, 0x1C, 0x48, 0xB0, 0xA0,
    0xC1, 0x83, 0x08, 0x13, 0x2A, 0x5C, 0xC8, 0xB0, 0xA1, 0xC3, 0x87, 0x10,
    0x23, 0x4A, 0x9C, 0x48, 0xB1, 0xA2, 0xC5, 0x8B, 0x18, 0x33, 0x6A, 0xDC,
    0xC8, 0xB1, 0xA3, 0xC7, 0x8F, 0x20, 0x43, 0x8A, 0x1C, 0x49, 0xB2, 0xA4,
    0xC9, 0x93, 0x28, 0x53, 0xAA, 0x5C, 0xC9, 0xB2, 0xA5, 0xCB, 0x97, 0x30,
    0x63, 0xCA, 0x9C, 0x49, 0xB3, 0xA6, 0xCD, 0x9B, 0x38, 0x73, 0xEA, 0xDC,
    0xC9, 0xB3, 0xA7, 0xCF, 0x9F, 0x40, 0x83, 0x0A, 0x1D, 0x4A, 0xB4, 0xA8,
    0xD1, 0xA3, 0x48, 0x93, 0x2A, 0x5D, 0xCA, 0xB4, 0xA9, 0xD3, 0xA7, 0x50,
    0xA3, 0x4A, 0x9D, 0x4A, 0xB5, 0xAA, 0xD5, 0xAB, 0x58, 0xB3, 0x6A, 0xDD,
    0xCA, 0xB5, 0xAB, 0xD7, 0xAF, 0x60, 0xC3, 0x8A, 0x1D, 0x4B, 0xB6, 0xAC,
    0x59, 0x83, 0x17, 0x3C, 0x64, 0xF0, 0xC0, 0xB6, 0x2D, 0xDB, 0x0C, 0x67,
    0xE3, 0xCA, 0x35, 0xBB, 0xC0, 0x43, 0x8A, 0x0C, 0x05, 0x12, 0xE8, 0xDD,
    0xCB, 0xF7, 0x40, 0x04, 0x0F, 0x1D, 0xE6, 0x7A, 0x3D, 0x80, 0x22, 0x00,
    0x81, 0xC3, 0x88, 0x0F, 0x07, 0x10, 0x9C, 0x15, 0xC2, 0xDD, 0x02, 0x07,
    0x22, 0x23, 0x08, 0x40, 0xB9, 0xB2, 0xE5, 0x00, 0x91, 0xFD, 0x66, 0xE8,
    0xE0, 0xA0, 0xE2, 0x8C, 0x0C, 0x6B, 0x3B, 0x33, 0xCE, 0x89, 0xA0, 0x30,
    0x81, 0xCB, 0xA8, 0x0D, 0x9F, 0x3E, 0x31, 0x1A, 0x2A, 0x84, 0x0E, 0x78,
    0x23, 0x37, 0x48, 0x4D, 0xBB, 0x72, 0x82, 0xC8, 0x11, 0x32, 0x5C, 0x90,
    0x98, 0x22, 0xB3, 0x5F, 0x00, 0x15, 0x5A, 0xCF, 0x6C, 0x50, 0xB8, 0xB6,
    0x71, 0xC4, 0x06, 0x2A, 0x1A, 0x36, 0x9C, 0x7C, 0xB7, 0x70, 0x96, 0x10,
    0x66, 0x40, 0x3E, 0x30, 0xDB, 0xB8, 0x75, 0xCA, 0xB7, 0x0D, 0x38, 0x10,
    0xDD, 0x30, 0xC2, 0x01, 0xCB, 0xCD, 0x9F, 0xBB, 0xFF, 0x54, 0x7D, 0xBD,
    0x7C, 0x00, 0x14, 0x05, 0x00, 0x3C, 0x68, 0x28, 0xFA, 0x72, 0x78, 0xF1,
    0x27, 0x2B, 0x40, 0x28, 0x53, 0xA0, 0x80, 0xF9, 0xFB, 0x01, 0x12, 0x18,
    0x58, 0xC0, 0x1D, 0x21, 0x17, 0x2D, 0xDE, 0xB9, 0x07, 0x80, 0x73, 0xF0,
    0xA1, 0xB4, 0x1C, 0x7E, 0xE5, 0x11, 0x90, 0x9E, 0x08, 0x0D, 0x71, 0x70,
    0x19, 0x01, 0xEF, 0x15, 0x28, 0x92, 0x03, 0x0F, 0x44, 0x50, 0x1F, 0x82,
    0xF8, 0xE9, 0xF7, 0x40, 0x7F, 0x05, 0x59, 0x08, 0xD9, 0x65, 0x08, 0x18,
    0x50, 0x01, 0x03, 0x12, 0x96, 0x94, 0xC2, 0x81, 0x18, 0x96, 0xA7, 0x41,
    0x7A, 0x1C, 0x1C, 0x44, 0xE2, 0x16, 0x8A, 0x5D, 0xB6, 0x05, 0x00, 0x14,
    0x94, 0x18, 0x52, 0x08, 0x0B, 0xA4, 0x70, 0x61, 0x8A, 0x19, 0x1A, 0x00,
    0x01, 0x87, 0x15, 0x84, 0xD0, 0xC1, 0x77, 0xA9, 0x69, 0x57, 0xA3, 0x8D,
    0x21, 0x45, 0xC0, 0x23, 0x86, 0x04, 0x1C, 0x00, 0x40, 0x8B, 0x04, 0xED,
    0x66, 0xC0, 0x69, 0x45, 0xD2, 0x88, 0x64, 0x47, 0x0C, 0x2C, 0xE0, 0xE1,
    0x92, 0x18, 0x26, 0x10, 0x01, 0x04, 0xC1, 0x0D, 0x24, 0x65, 0x6D, 0xC9,
    0x1D, 0x79, 0x25, 0x47, 0x53, 0x72, 0xC9, 0xA4, 0x93, 0x10, 0x44, 0x09,
    0x80, 0x01, 0xB5, 0x65, 0x61, 0xE5, 0x99, 0x18, 0x39, 0x40, 0x41, 0x04,
    0x06, 0x10, 0xA9, 0x26, 0x82, 0x5E, 0x82, 0x39, 0xD0, 0x0B, 0x14, 0xC0,
    0x99, 0x5A, 0x03, 0x65, 0xD2, 0xA9, 0x51, 0x01, 0x54, 0xEE, 0x89, 0x60,
    0x93, 0x00, 0xB4, 0x49, 0x90, 0xA0, 0xA8, 0x45, 0x00, 0x00, 0x89, 0x86,
    0x56, 0x44, 0x02, 0x03, 0x11, 0x4C, 0xA1, 0xA7, 0xA2, 0x7C, 0x76, 0xE0,
    0x27, 0x00, 0x1D, 0x18, 0x60, 0x5F, 0x95, 0x94, 0x56, 0x5A, 0x11, 0xA2,
    0x9C, 0xF2, 0x48, 0x40, 0x02, 0x8D, 0x2E, 0x00, 0x00, 0xAA, 0xB4, 0x25,
    0xFF, 0x57, 0xAA, 0xA9, 0x0F, 0x39, 0x80, 0x69, 0x9E, 0xA9, 0x2E, 0xD9,
    0xE7, 0x02, 0x43, 0x1A, 0x27, 0x2B, 0xAD, 0x13, 0x1D, 0x90, 0x68, 0xAE,
    0x4C, 0xB2, 0xFA, 0xEA, 0xB0, 0xA8, 0xFD, 0x0A, 0x2C, 0x7B, 0x0E, 0x74,
    0x90, 0x42, 0x02, 0xC4, 0x72, 0xE9, 0xE5, 0xAB, 0xD6, 0x29, 0xBB, 0x6C,
    0x43, 0x09, 0x20, 0x1B, 0xED, 0xA2, 0x08, 0x50, 0xEB, 0xEB, 0xA4, 0xD7,
    0x2A, 0x54, 0x41, 0x05, 0xCE, 0x42, 0xBB, 0x2D, 0x97, 0x08, 0x74, 0x30,
    0x2A, 0x99, 0x10, 0xCC, 0x1A, 0x6E, 0x41, 0xC1, 0x65, 0x7B, 0xAE, 0x9A,
    0xAB, 0x42, 0x4A, 0xE6, 0x9C, 0xEF, 0x76, 0x18, 0xC1, 0x64, 0xF3, 0xAA,
    0x99, 0xC0, 0xBA, 0xF7, 0x9A, 0x99, 0x2F, 0x00, 0x7D, 0x00, 0xC0, 0x6F,
    0xBF, 0x08, 0x53, 0x56, 0xE8, 0xC0, 0x02, 0x9D, 0x90, 0xC2, 0xC1, 0x09,
    0xF7, 0xBB, 0x70, 0xBE, 0x35, 0x42, 0x1C, 0xB1, 0xC4, 0xF8, 0xBE, 0x4B,
    0xC1, 0x03, 0xD5, 0x5D, 0x8C, 0xF0, 0xC4, 0xE1, 0x76, 0x66, 0xB1, 0xC7,
    0xE7, 0x82, 0x7C, 0x6D, 0x67, 0x1D, 0x93, 0x3C, 0xAF, 0xC9, 0xCB, 0xA6,
    0xAC, 0x32, 0xC6, 0x04, 0x5E, 0xFB, 0xF2, 0xC5, 0xC9, 0x85, 0x9B, 0xA5,
    0xCB, 0x33, 0x97, 0xCC, 0x80, 0x09, 0x25, 0xAC, 0x50, 0xC2, 0x17, 0x0C,
    0x58, 0xC1, 0x40, 0x08, 0x86, 0xE6, 0x1C, 0x71, 0x72, 0x26, 0x0C, 0x30,
    0xC1, 0x00, 0x5F, 0xD0, 0xD9, 0x59, 0x04, 0x0D, 0xE0, 0x6C, 0x74, 0xB4,
    0x13, 0xAC, 0x30, 0xC1, 0xD5, 0x57, 0xAF, 0xB0, 0x02, 0x11, 0x4B, 0x5C,
    0xD0, 0x83, 0xBB, 0xAD, 0x75, 0xD6, 0xC3, 0xD4, 0x11, 0x6B, 0x50, 0x02,
    0xD6, 0x13, 0x98, 0xAD, 0xC1, 0x00, 0x26, 0x94, 0x48, 0xE1, 0x09, 0x52,
    0x93, 0x9D, 0xEA, 0x00, 0x74, 0xD7, 0x4D, 0xF7, 0xD9, 0x58, 0x6F, 0xBD,
    0x04, 0x10, 0x70, 0x0D, 0xFF, 0xE4, 0x2A, 0x63, 0x1D, 0xC8, 0xDD, 0xEF,
    0x00, 0x12, 0xD8, 0x4D, 0x78, 0x09, 0x47, 0x60, 0xBD, 0xF6, 0x0A, 0xCF,
    0x91, 0x68, 0x40, 0xD4, 0x82, 0x9F, 0x6B, 0xF8, 0xE4, 0x77, 0x63, 0x4D,
    0x84, 0x09, 0x0C, 0x64, 0xEE, 0x84, 0x09, 0x4E, 0x00, 0x40, 0x74, 0x59,
    0x24, 0x9E, 0x10, 0xF9, 0xBC, 0x03, 0xF0, 0x40, 0x79, 0xDD, 0x85, 0x27,
    0xBE, 0x34, 0xE3, 0x02, 0x75, 0x31, 0x01, 0x5C, 0x9F, 0x8F, 0x75, 0x41,
    0x06, 0x8F, 0x8F, 0x2E, 0xF9, 0xE9, 0xA7, 0x5F, 0x6D, 0xC2, 0xEE, 0x26,
    0x28, 0xD1, 0x03, 0x87, 0x63, 0x65, 0x61, 0xBB, 0xE4, 0xA6, 0xE3, 0x8E,
    0xFA, 0x00, 0x89, 0x97, 0x50, 0xC2, 0x00, 0x25, 0x08, 0x04, 0xBC, 0x57,
    0x0C, 0x38, 0x60, 0x00, 0x02, 0x71, 0xD7, 0x86, 0x40, 0x7D, 0xD8, 0x7F,
    0x38, 0xFC, 0x65, 0x48, 0x18, 0x7F, 0xBA, 0x06, 0x13, 0x28, 0x81, 0x47,
    0x0D, 0x52, 0x78, 0x3E, 0x96, 0xAB, 0x67, 0x68, 0x8B, 0x5A, 0x62, 0xE7,
    0x19, 0xFB, 0xE8, 0x69, 0x31, 0x6E, 0x5F, 0x3A, 0xDD, 0x12, 0xD4, 0x6F,
    0xBF, 0xFD, 0xC7, 0x6B, 0xB0, 0x86, 0x40, 0x12, 0x0C, 0x61, 0x7E, 0x58,
    0x59, 0xAA, 0x9D, 0x75, 0x0E, 0x90, 0xBD, 0xFA, 0x18, 0xE0, 0x01, 0x19,
    0x78, 0xC0, 0x03, 0x66, 0x50, 0xA1, 0x02, 0x6E, 0x2F, 0x00, 0xDD, 0x23,
    0x9C, 0x10, 0x3E, 0x40, 0xC1, 0x0A, 0x7E, 0x40, 0x08, 0x85, 0x33, 0x5C,
    0x0D, 0x6A, 0xF0, 0x81, 0x21, 0xC4, 0x0E, 0x2C, 0xAE, 0x4A, 0xD3, 0x83,
    0x10, 0x13, 0x00, 0x0D, 0xD4, 0x2C, 0x22, 0x28, 0x1A, 0x1D, 0xE1, 0x24,
    0x60, 0x86, 0x83, 0x7C, 0x00, 0x06, 0xF8, 0x23, 0x1C, 0x0C, 0x05, 0xF2,
    0x41, 0xE8, 0x2D, 0x60, 0x7A, 0xA9, 0x21, 0x60, 0xF6, 0xBE, 0x94, 0x01,
    0x08, 0xF8, 0xB0, 0x5D, 0x06, 0x91, 0x0F, 0x04, 0xFF, 0xB8, 0x00, 0x81,
    0x13, 0x40, 0x46, 0x01, 0xC3, 0xD3, 0x80, 0x12, 0xAB, 0x60, 0x00, 0x2C,
    0x64, 0x00, 0x07, 0x38, 0x80, 0x03, 0x0E, 0xA8, 0x30, 0x06, 0x0A, 0xCA,
    0x20, 0x83, 0x6D, 0xF8, 0x40, 0xF9, 0xC6, 0xC2, 0x20, 0x58, 0xA9, 0xE6,
    0x34, 0x1C, 0x69, 0xC2, 0x03, 0x0D, 0x93, 0x9E, 0xF5, 0x1C, 0x84, 0x0A,
    0x62, 0x10, 0xC3, 0x00, 0xCC, 0xB2, 0x31, 0x1C, 0x52, 0xA6, 0x01, 0xBE,
    0x39, 0x01, 0x07, 0xB4, 0xC0, 0x01, 0x0E, 0xCC, 0xE0, 0x79, 0x0C, 0x39,
    0x81, 0x0E, 0x04, 0xA0, 0x00, 0x24, 0x0A, 0x6E, 0x03, 0x96, 0x29, 0x00,
    0x03, 0xCC, 0x28, 0x10, 0x06, 0xA8, 0x00, 0x08, 0x2A, 0x18, 0xC2, 0x0E,
    0x76, 0xF0, 0x01, 0x2C, 0xE0, 0x80, 0x2C, 0x34, 0x38, 0x96, 0x61, 0x34,
    0xD0, 0x00, 0x8F, 0xD8, 0xC0, 0x02, 0x02, 0xC0, 0x00, 0x06, 0x58, 0x20,
    0x38, 0x0B, 0x00, 0x92, 0x32, 0x65, 0x14, 0x0F, 0x05, 0x48, 0x80, 0x43,
    0x38, 0x12, 0x70, 0x2D, 0x19, 0x80, 0x12, 0x46, 0x44, 0x20, 0x80, 0x56,
    0xF2, 0x71, 0x03, 0x9C, 0x9C, 0xDA, 0x06, 0x3E, 0x19, 0x80, 0x10, 0x3D,
    0x40, 0x60, 0x03, 0x09, 0x81, 0x0A, 0x54, 0xF0, 0x48, 0x48, 0x02, 0xE0,
    0x00, 0x73, 0xD0, 0x40, 0xB7, 0x42, 0xD2, 0x4A, 0x4C, 0x6A, 0x92, 0x96,
    0x46, 0x13, 0xC0, 0x27, 0x57, 0x04, 0x80, 0x48, 0x0A, 0x87, 0x04, 0x6F,
    0x8A, 0x4C, 0x01, 0x32, 0x80, 0x06, 0x47, 0x65, 0x24, 0x38, 0x36, 0xD8,
    0xA3, 0x2B, 0x5B, 0xA9, 0x80, 0x58, 0x1A, 0x0D, 0x99, 0x21, 0x82, 0x00,
    0x34, 0x19, 0xC6, 0x90, 0xE0, 0x70, 0xA0, 0x98, 0xDB, 0xC4, 0x00, 0x32,
    0xE5, 0x86, 0x02, 0x27, 0x39, 0x53, 0x38, 0x0C, 0x60, 0x0B, 0x21, 0x37,
    0x12, 0x1C, 0x56, 0x0A, 0x00, 0x93, 0xDB, 0xEC, 0xA6, 0xED, 0x42, 0xF4,
    0xFF, 0x84, 0x3B, 0x58, 0x01, 0x08, 0xE4, 0x4C, 0x48, 0x98, 0x30, 0x89,
    0xCF, 0x6D, 0x0E, 0x8F, 0x51, 0x01, 0x5D, 0x48, 0x05, 0x6C, 0x10, 0x07,
    0x74, 0x6E, 0x93, 0x0E, 0x64, 0xA8, 0xDE, 0x3A, 0xCD, 0x33, 0xCB, 0x25,
    0x21, 0xC0, 0x0D, 0x32, 0x60, 0xA4, 0x0A, 0xF8, 0xA0, 0x82, 0x24, 0x24,
    0xD4, 0x79, 0x4F, 0xDA, 0xA6, 0x2B, 0x2D, 0xA0, 0x80, 0x16, 0x00, 0x40,
    0x5E, 0xA8, 0xD9, 0x80, 0x02, 0xD4, 0x67, 0x1D, 0x95, 0xB2, 0xB4, 0x3C,
    0x32, 0xAC, 0xC1, 0x47, 0x09, 0x52, 0x47, 0x1B, 0x8C, 0x40, 0xA4, 0xF7,
    0x14, 0x40, 0x0E, 0x6E, 0x70, 0x02, 0x73, 0xA1, 0x86, 0x05, 0x3A, 0x48,
    0xC0, 0xC8, 0x6A, 0x33, 0x4B, 0x05, 0xE8, 0x41, 0xA8, 0x3C, 0xEA, 0x9E,
    0x04, 0x8C, 0x20, 0x83, 0x8C, 0x7E, 0x60, 0xA6, 0x00, 0x08, 0x03, 0x4E,
    0xEF, 0xA9, 0x80, 0x20, 0x08, 0x04, 0xA5, 0x20, 0x12, 0x88, 0x92, 0x28,
    0x8A, 0x01, 0x01, 0xD4, 0xE1, 0x55, 0x1A, 0xE0, 0x91, 0x06, 0x78, 0x60,
    0x3F, 0x18, 0xAC, 0x11, 0x6C, 0xCB, 0xAA, 0x00, 0x07, 0x5A, 0x10, 0x83,
    0x11, 0x14, 0x74, 0x9B, 0x3B, 0xAD, 0xCF, 0x50, 0x03, 0xD0, 0x00, 0x0E,
    0x74, 0x60, 0x5F, 0x73, 0xAD, 0x4C, 0x51, 0x31, 0xA9, 0x03, 0x0F, 0x4C,
    0x0F, 0x01, 0x79, 0xAD, 0x8D, 0x06, 0x32, 0x98, 0x87, 0x37, 0xC8, 0x20,
    0x04, 0x35, 0x5C, 0xD6, 0x0F, 0x00, 0x10, 0x84, 0x3E, 0x2A, 0x60, 0xAA,
    0x0A, 0xB8, 0x81, 0xC1, 0x8A, 0x33, 0xA8, 0x39, 0x55, 0xA0, 0xA5, 0x5D,
    0x25, 0x29, 0x1B, 0xDE, 0x87, 0xA0, 0xC1, 0xD2, 0x0D, 0x06, 0x46, 0x00,
    0x00, 0x40, 0xF3, 0x35, 0x22, 0x11, 0xDC, 0x74, 0xAA, 0xAD, 0xDC, 0xA9,
    0x00, 0x69, 0xD3, 0xAD, 0x51, 0xDE, 0xD5, 0x38, 0x2C, 0x50, 0x00, 0x3E,
    0x41, 0x30, 0x02, 0x0A, 0xFF, 0x79, 0x81, 0x76, 0x80, 0x0D, 0xEC, 0x65,
    0xD6, 0xB6, 0xD4, 0x28, 0x08, 0x21, 0x09, 0x68, 0xA5, 0xD5, 0x6E, 0x5A,
    0xF0, 0x58, 0xD4, 0x56, 0x15, 0x00, 0x0D, 0x78, 0x29, 0x5D, 0x69, 0xD4,
    0x99, 0xC0, 0xD5, 0x46, 0x01, 0x5D, 0xC5, 0x80, 0x02, 0x98, 0x00, 0x00,
    0x06, 0x15, 0x44, 0x74, 0xE6, 0x61, 0x81, 0x06, 0x60, 0x20, 0xD3, 0x80,
    0x0E, 0x17, 0xB5, 0xAD, 0x04, 0xC1, 0x0D, 0x2A, 0xA0, 0xDB, 0x04, 0xD8,
    0xC9, 0x01, 0x16, 0x32, 0x0E, 0x74, 0xC3, 0xEB, 0x82, 0x07, 0x2C, 0x56,
    0x20, 0xE4, 0xCA, 0xC0, 0x15, 0x00, 0x6B, 0x9E, 0x2A, 0x44, 0x41, 0x06,
    0x2A, 0x50, 0x03, 0x39, 0x77, 0x03, 0x05, 0xF0, 0x2A, 0x00, 0x4A, 0x79,
    0x25, 0x40, 0xB7, 0x16, 0x40, 0xA2, 0xAD, 0xD2, 0x66, 0xBD, 0xD2, 0xA5,
    0xAE, 0x75, 0x11, 0x92, 0x20, 0xF7, 0x05, 0x94, 0x02, 0xA6, 0x45, 0x2D,
    0x08, 0x72, 0x00, 0x05, 0x68, 0x06, 0x36, 0x01, 0x10, 0x58, 0x40, 0x0F,
    0xD2, 0xFB, 0xDC, 0xD9, 0xBA, 0xE0, 0x05, 0xEF, 0x2D, 0x88, 0x03, 0x5E,
    0x43, 0xBD, 0xEB, 0x24, 0x40, 0x05, 0x4F, 0xF0, 0x2E, 0x00, 0x88, 0xFB,
    0x56, 0x57, 0x82, 0x41, 0x20, 0xAE, 0x9A, 0xAB, 0x80, 0xD5, 0xA3, 0x55,
    0xF5, 0x76, 0x95, 0x8F, 0x2E, 0xA0, 0x31, 0x43, 0xAC, 0xB3, 0xAA, 0x46,
    0xA9, 0x38, 0x06, 0x39, 0x15, 0x69, 0x13, 0x38, 0xF0, 0x00, 0x12, 0xC4,
    0x78, 0x50, 0x0D, 0x48, 0x80, 0x02, 0xAF, 0x20, 0x2A, 0xF5, 0x62, 0x12,
    0x04, 0xB4, 0x35, 0xF2, 0x42, 0x1E, 0xD0, 0x05, 0x8B, 0x41, 0xAE, 0x32,
    0x07, 0xA8, 0xC0, 0xDF, 0x18, 0xB6, 0x1B, 0x20, 0xB7, 0x58, 0x00, 0x72,
    0x00, 0x40, 0x67, 0x8E, 0x6C, 0x99, 0x1E, 0x0B, 0x44, 0x4A, 0xCA, 0x5D,
    0xAF, 0x02, 0xEC, 0x20, 0x91, 0x94, 0xA5, 0x27, 0xFF, 0x5B, 0x3D, 0xB6,
    0x26, 0xC3, 0x20, 0x7C, 0xD3, 0x16, 0xFB, 0xA0, 0x45, 0x63, 0x36, 0xD8,
    0x65, 0xE0, 0xB8, 0x00, 0x2F, 0x2C, 0xE0, 0x4E, 0x00, 0x4B, 0xCD, 0x7A,
    0x05, 0x50, 0x84, 0x07, 0x2C, 0x98, 0x21, 0x0B, 0x80, 0xD8, 0x01, 0xA6,
    0x60, 0xAE, 0x03, 0x5C, 0x60, 0xCB, 0x03, 0x7B, 0x01, 0x00, 0x62, 0x50,
    0x5C, 0x91, 0xCE, 0x00, 0x38, 0x30, 0xD6, 0x33, 0x65, 0x10, 0x9A, 0x69,
    0x2F, 0xA6, 0x26, 0x93, 0xAD, 0x8C, 0x81, 0x8E, 0x1D, 0x82, 0xB2, 0x44,
    0xA1, 0x47, 0x2F, 0x3E, 0x0E, 0xA8, 0xA4, 0x8B, 0x10, 0x64, 0x01, 0xF8,
    0x00, 0x04, 0x3E, 0xB0, 0x01, 0xA6, 0x01, 0x40, 0x66, 0xBA, 0x3A, 0x1A,
    0x4A, 0x21, 0xB4, 0xCE, 0xA0, 0x5D, 0xF0, 0x83, 0x43, 0x33, 0xC4, 0x56,
    0x25, 0xDE, 0x34, 0x64, 0xCC, 0x9B, 0x86, 0x84, 0x4A, 0x9A, 0xD2, 0xAE,
    0x04, 0x01, 0x42, 0xC8, 0xEC, 0xA4, 0x82, 0xE4, 0xDA, 0xC6, 0xAD, 0x34,
    0xE9, 0x1E, 0x28, 0x82, 0x00, 0xF8, 0x35, 0x7B, 0xA6, 0xAB, 0x16, 0x00,
    0x94, 0x5D, 0x4D, 0x82, 0x6E, 0x3B, 0x5B, 0xD3, 0x07, 0x60, 0xC0, 0x3B,
    0x69, 0xFD, 0x26, 0xEB, 0x80, 0x5A, 0x00, 0x2E, 0x00, 0x83, 0xAF, 0x1B,
    0xD2, 0xAE, 0xC9, 0xCC, 0xA6, 0x00, 0x6A, 0x85, 0xEA, 0x43, 0x98, 0x9D,
    0xEA, 0x4C, 0xDB, 0x0B, 0x35, 0x83, 0xE6, 0x66, 0x8E, 0xE7, 0x29, 0xEF,
    0x91, 0x90, 0x39, 0x3D, 0x72, 0xE6, 0x55, 0xA0, 0x2F, 0x93, 0xEF, 0x56,
    0x8E, 0x20, 0x0C, 0xFC, 0x76, 0x48, 0x70, 0xC2, 0xD4, 0xEF, 0x87, 0xAC,
    0x07, 0x8E, 0xF5, 0x26, 0xF7, 0xC0, 0x2B, 0xD3, 0xEA, 0x7C, 0x8E, 0x60,
    0xD4, 0x0D, 0x17, 0xC9, 0x7A, 0x10, 0xC0, 0x26, 0x82, 0xB8, 0x6A, 0xE2,
    0x94, 0x39, 0xB7, 0x48, 0x15, 0x70, 0xF1, 0x84, 0x67, 0x1C, 0x24, 0x04,
    0x1B, 0x36, 0xC8, 0xC7, 0x53, 0xF3, 0xA5, 0x07, 0x80, 0x00, 0xB2, 0x25,
    0x3F, 0x79, 0x4B, 0x56, 0x1E, 0x29, 0x81, 0xBC, 0x1C, 0xA7, 0x24, 0xC7,
    0x38, 0x55, 0x02, 0x02, 0x00, 0x21, 0xF9, 0x04, 0x09, 0x04, 0x00, 0x00,
    0x00, 0x2C, 0x00, 0x00, 0x00, 0x00, 0xD7, 0x00, 0x6E, 0x00, 0x87, 0x00,
    0x00, 0x00, 0x54, 0x85, 0xA7, 0x3A, 0x60, 0x7E, 0x99, 0xAA, 0xA8, 0x5C,
    0x92, 0xB7, 0x53, 0x84, 0xA6, 0x53, 0x85, 0xA7, 0x54, 0x85, 0xA7, 0x53,
    0x84, 0xA7, 0x3C, 0x63, 0x82, 0x3F, 0x7F, 0xBF, 0x7F, 0x7F, 0x7F, 0x54,
    0x86, 0xA9, 0x7B, 0x92, 0x9C, 0x54, 0x85, 0xA8, 0x00, 0xFF, 0xFF, 0xA5,
    0xB5, 0xB0, 0x66, 0x99, 0x99, 0x54, 0x88, 0xA8, 0x7F, 0x7F, 0xFF, 0x3F,
    0x7F, 0x7F, 0x52, 0x7D, 0xA9, 0x55, 0xAA, 0xAA, 0x00, 0x00, 0xFF, 0x66,
    0x99, 0xCC, 0x55, 0x55, 0xAA, 0x9C, 0xAC, 0xA8, 0x41, 0x6B, 0x8B, 0x70,
    0x95, 0xAB, 0x00, 0x7F, 0x7F, 0xFF, 0xFF, 0xFF, 0x3A, 0x61, 0x7E, 0x4B,
    0x78, 0x98, 0x83, 0x9B, 0xA4, 0x34, 0x66, 0x98, 0x35, 0x65, 0x74, 0x7B,
    0x92, 0x9C, 0xBE, 0xBE, 0xBE, 0x4E, 0x91, 0xB1, 0x61, 0x9A, 0xC2, 0x38,
    0x5D, 0x7A, 0x3A, 0x60, 0x7E, 0x9B, 0xAC, 0xA9, 0xA0, 0xAE, 0xA9, 0xAA,
    0xAA, 0xAA, 0x5A, 0x7E, 0x9B, 0x3E, 0x66, 0x86, 0xB7, 0xC9, 0xC4, 0x99,
    0xCC, 0xCC, 0x9C, 0xAD, 0xA9, 0x63, 0x8D, 0xA7, 0x3C, 0x61, 0x81, 0x39,
    0x62, 0x82, 0x6D, 0x93, 0xB1, 0x7C, 0x93, 0x9C, 0x4E, 0x7E, 0xA1, 0x51,
    0x7F, 0xA4, 0x3B, 0x5A, 0x7B, 0x3F, 0x3F, 0x7F, 0x38, 0x59, 0x76, 0x7F,
    0x7F, 0xBF, 0x33, 0x66, 0xCC, 0x3A, 0x61, 0x7E, 0x7C, 0x93, 0x9C, 0x3B,
    0x5E, 0x7D, 0x98, 0xB4, 0xAC, 0x7F, 0xBF, 0xBF, 0x55, 0x84, 0x9D, 0x9B,
    0xAB, 0xA8, 0x48, 0x6D, 0x91, 0x66, 0x91, 0xAB, 0x3F, 0xBF, 0xBF, 0x7B,
    0x91, 0x9D, 0x3B, 0x78, 0x96, 0x9C, 0xAC, 0xAC, 0xAA, 0xAA, 0xFF, 0x76,
    0x8F, 0x9C, 0x79, 0x89, 0x95, 0x37, 0x5D, 0x83, 0xA5, 0xB5, 0xB2, 0x66,
    0x66, 0x99, 0xAF, 0xC1, 0xBC, 0x55, 0xAA, 0xFF, 0x53, 0x98, 0x98, 0x95,
    0x95, 0x95, 0x5A, 0x92, 0xB7, 0x58, 0x90, 0xB1, 0x5A, 0x90, 0xB4, 0x55,
    0xAA, 0x55, 0x4F, 0x82, 0x9E, 0xAA, 0xD4, 0xAA, 0x6A, 0x7F, 0x94, 0x66,
    0x88, 0xAA, 0x7D, 0x95, 0x9E, 0x46, 0x70, 0x8F, 0x45, 0x70, 0x8E, 0x4C,
    0x7B, 0x9D, 0x7F, 0x9A, 0xA3, 0x55, 0x7F, 0x7F, 0x48, 0x6D, 0xB6, 0x40,
    0x66, 0x85, 0x76, 0x97, 0xA6, 0x41, 0x62, 0x7C, 0x43, 0x5D, 0x86, 0x43,
    0x5D, 0x78, 0x55, 0x55, 0x55, 0x7F, 0xAA, 0xAA, 0x67, 0xA3, 0xCC, 0x7F,
    0xBF, 0x7F, 0x7F, 0xFF, 0xFF, 0x3D, 0x63, 0x81, 0x3B, 0x61, 0x80, 0x85,
    0x97, 0x9E, 0x80, 0x98, 0xA3, 0x9C, 0xAB, 0xAB, 0x9C, 0xAD, 0xA9, 0x9F,
    0xB2, 0xAC, 0x9F, 0xB0, 0xAB, 0xA0, 0xAD, 0xAA, 0xB5, 0xBA, 0xA6, 0x38,
    0x55, 0x8D, 0xA7, 0xB9, 0xB5, 0x39, 0x5E, 0x7A, 0x3A, 0x5F, 0x7D, 0xA4,
    0xB5, 0xB1, 0xAC, 0xBA, 0xB3, 0xA2, 0xB2, 0xAD, 0x33, 0x4C, 0x7F, 0x3F,
    0x3F, 0xBF, 0xCC, 0xCC, 0xCC, 0x00, 0x7F, 0xFF, 0x00, 0x00, 0x00, 0x00,
    0x00, 0x00, 0x00, 0x00, 0x00, 0x00, 0x00, 0x00, 0x00, 0x00, 0x00, 0x00,
    0x00, 0x00, 0x00, 0x00, 0x00, 0x00, 0x00, 0x00, 0x00, 0x00, 0x00, 0x00,
    0x00, 0x00, 0x00, 0x00, 0x00, 0x00, 0x00, 0x00, 0x00, 0x00, 0x00, 0x00,
    0x00, 0x00, 0x00, 0x00, 0x00, 0x00, 0x00, 0x00, 0x00, 0x00, 0x00, 0x00,
    0x00, 0x00, 0x00, 0x00, 0x00, 0x00, 0x00, 0x00, 0x00, 0x00, 0x00, 0x00,
    0x00, 0x00, 0x00, 0x00, 0x00, 0x00, 0x00, 0x00, 0x00, 0x00, 0x00, 0x00,
    0x00, 0x00, 0x00, 0x00, 0x00, 0x00, 0x00, 0x00, 0x00, 0x00, 0x00, 0x00,
    0x00, 0x00, 0x00, 0x00, 0x00, 0x00, 0x00, 0x00, 0x00, 0x00, 0x00, 0x00,
    0x00, 0x00, 0x00, 0x00, 0x00, 0x00, 0x00, 0x00, 0x00, 0x00, 0x00, 0x00,
    0x00, 0x00, 0x00, 0x00, 0x00, 0x00, 0x00, 0x00, 0x00, 0x00, 0x00, 0x00,
    0x00, 0x00, 0x00, 0x00, 0x00, 0x00, 0x00, 0x00, 0x00, 0x00, 0x00, 0x00,
    0x00, 0x00, 0x00, 0x00, 0x00, 0x00, 0x00, 0x00, 0x00, 0x00, 0x00, 0x00,
    0x00, 0x00, 0x00, 0x00, 0x00, 0x00, 0x00, 0x00, 0x00, 0x00, 0x00, 0x00,
    0x00, 0x00, 0x00, 0x00, 0x00, 0x00, 0x00, 0x00, 0x00, 0x00, 0x00, 0x00,
    0x00, 0x00, 0x00, 0x00, 0x00, 0x00, 0x00, 0x00, 0x00, 0x00, 0x00, 0x00,
    0x00, 0x00, 0x00, 0x00, 0x00, 0x00, 0x00, 0x00, 0x00, 0x00, 0x00, 0x00,
    0x00, 0x00, 0x00, 0x00, 0x00, 0x00, 0x00, 0x00, 0x00, 0x00, 0x00, 0x00,
    0x00, 0x00, 0x00, 0x00, 0x00, 0x00, 0x00, 0x00, 0x00, 0x00, 0x00, 0x00,
    0x00, 0x00, 0x00, 0x00, 0x00, 0x00, 0x00, 0x00, 0x00, 0x00, 0x00, 0x00,
    0x00, 0x00, 0x00, 0x00, 0x00, 0x00, 0x00, 0x00, 0x00, 0x00, 0x00, 0x00,
    0x00, 0x00, 0x00, 0x00, 0x00, 0x00, 0x00, 0x00, 0x00, 0x00, 0x00, 0x00,
    0x00, 0x00, 0x00, 0x00, 0x00, 0x00, 0x00, 0x00, 0x00, 0x00, 0x00, 0x00,
    0x00, 0x00, 0x00, 0x00, 0x00, 0x00, 0x00, 0x00, 0x00, 0x00, 0x00, 0x00,
    0x00, 0x00, 0x00, 0x00, 0x00, 0x00, 0x00, 0x00, 0x00, 0x00, 0x00, 0x00,
    0x00, 0x00, 0x00, 0x00, 0x00, 0x00, 0x00, 0x00, 0x00, 0x00, 0x00, 0x00,
    0x00, 0x00, 0x00, 0x00, 0x00, 0x00, 0x00, 0x00, 0x00, 0x00, 0x00, 0x00,
    0x00, 0x00, 0x00, 0x00, 0x00, 0x00, 0x00, 0x00, 0x00, 0x00, 0x00, 0x00,
    0x00, 0x00, 0x00, 0x00, 0x00, 0x00, 0x00, 0x00, 0x00, 0x00, 0x00, 0x00,
    0x00, 0x00, 0x00, 0x00, 0x00, 0x00, 0x00, 0x00, 0x00, 0x00, 0x00, 0x00,
    0x00, 0x00, 0x00, 0x00, 0x00, 0x00, 0x00, 0x00, 0x00, 0x00, 0x00, 0x00,
    0x00, 0x00, 0x00, 0x00, 0x00, 0x00, 0x00, 0x00, 0x00, 0x00, 0x00, 0x08,
    0xFF, 0x00, 0x01, 0x08, 0x1C, 0x48, 0xB0, 0xA0, 0xC1, 0x83, 0x08, 0x13,
    0x2A, 0x5C, 0xC8, 0xB0, 0xA1, 0xC3, 0x87, 0x10, 0x23, 0x4A, 0x9C, 0x48,
    0xB1, 0xA2, 0xC5, 0x8B, 0x18, 0x33, 0x6A, 0xDC, 0xC8, 0xB1, 0xA3, 0xC7,
    0x8F, 0x20, 0x43, 0x8A, 0x1C, 0x49, 0xB2, 0xA4, 0xC9, 0x93, 0x28, 0x53,
    0xAA, 0x5C, 0xC9, 0xB2, 0xA5, 0xCB, 0x97, 0x30, 0x63, 0xCA, 0x9C, 0x49,
    0xB3, 0xA6, 0xCD, 0x9B, 0x38, 0x73, 0xEA, 0xDC, 0xC9, 0xB3, 0xA7, 0xCF,
    0x9F, 0x40, 0x83, 0x0A, 0x1D, 0x4A, 0xB4, 0xA8, 0xD1, 0xA3, 0x48, 0x93,
    0x2A, 0x5D, 0xCA, 0xB4, 0xA9, 0xD3, 0xA7, 0x50, 0xA3, 0x4A, 0x9D, 0x4A,
    0xB5, 0xAA, 0xD5, 0xAB, 0x58, 0xB3, 0x6A, 0xDD, 0xCA, 0xB5, 0xAB, 0xD7,
    0xAF, 0x60, 0xC3, 0x8A, 0x1D, 0x4B, 0xB6, 0xAC, 0x59, 0x84, 0x0B, 0x30,
    0x44, 0xC0, 0xC0, 0xB6, 0xAD, 0x5A, 0x8D, 0x6B, 0xD7, 0x3E, 0x38, 0x4B,
    0xB7, 0xEE, 0x51, 0x0B, 0x6A, 0x4D, 0x44, 0x40, 0x60, 0xA0, 0xAF, 0x5F,
    0xBF, 0x07, 0x2A, 0x44, 0xA8, 0x80, 0x61, 0xEE, 0xC4, 0x0A, 0x07, 0xFC,
    0x4A, 0x00, 0xE0, 0xC1, 0x6E, 0xD0, 0x02, 0x27, 0x02, 0x10, 0x98, 0x4C,
    0x99, 0x40, 0x80, 0x8B, 0x86, 0x25, 0x4F, 0x46, 0x00, 0x60, 0x82, 0x63,
    0x9C, 0x14, 0xF4, 0x16, 0x38, 0x40, 0xFA, 0x80, 0x83, 0x00, 0xA8, 0x53,
    0xAB, 0x36, 0x50, 0x5A, 0x02, 0x06, 0xCF, 0x10, 0x5B, 0x1C, 0x50, 0x8D,
    0xA3, 0xF3, 0x67, 0x9D, 0x06, 0x22, 0x4F, 0x56, 0xCD, 0x1B, 0x75, 0xE5,
    0xDA, 0x10, 0xE7, 0x56, 0xE0, 0xCD, 0x19, 0xF6, 0xED, 0x98, 0x0A, 0x04,
    0x8F, 0x3E, 0xC0, 0xA0, 0xB7, 0xF3, 0xDE, 0xAC, 0x11, 0x44, 0xB0, 0xC0,
    0xF0, 0x82, 0x85, 0xC1, 0xC4, 0x6D, 0x1F, 0xA7, 0xC9, 0x20, 0xF2, 0xF3,
    0xEF, 0xAA, 0x4F, 0x70, 0xFF, 0x8E, 0x98, 0xDD, 0xF8, 0x76, 0x96, 0x0A,
    0xA0, 0x2C, 0x6F, 0x0E, 0xBE, 0x3D, 0xEA, 0xE8, 0x0B, 0x3A, 0x24, 0xBC,
    0x30, 0xA4, 0x74, 0xF9, 0xF3, 0x30, 0x35, 0xBB, 0xDF, 0x1F, 0xE0, 0x44,
    0x01, 0x00, 0x23, 0xA0, 0x05, 0xC0, 0x10, 0x94, 0xA9, 0x46, 0x40, 0x71,
    0xF8, 0xAD, 0x94, 0x5C, 0x01, 0x05, 0xB0, 0xC7, 0xDF, 0x7E, 0x06, 0x20,
    0x40, 0x81, 0x61, 0x04, 0x5D, 0xE0, 0x01, 0x62, 0xCE, 0x39, 0xB0, 0x58,
    0x63, 0x09, 0xAE, 0x24, 0xD9, 0x83, 0x0F, 0x72, 0xF0, 0x9F, 0x08, 0x06,
    0x65, 0x00, 0x00, 0x02, 0x96, 0xF5, 0x36, 0x04, 0x00, 0x0B, 0x74, 0x78,
    0xD2, 0x03, 0x14, 0x54, 0xC0, 0x20, 0x88, 0x34, 0x46, 0xA8, 0x00, 0x85,
    0x02, 0x99, 0x88, 0xC0, 0x73, 0x08, 0x3C, 0xD0, 0xA2, 0x8B, 0x28, 0x7D,
    0x48, 0xE3, 0x83, 0x04, 0x1C, 0x00, 0x00, 0x89, 0x04, 0xE9, 0xC8, 0x23,
    0x8B, 0x40, 0x8E, 0xF4, 0x80, 0x05, 0x32, 0x16, 0x30, 0xE4, 0x90, 0x36,
    0xE2, 0x08, 0x88, 0x05, 0x3B, 0x3A, 0xC7, 0xD9, 0x8F, 0x4D, 0x8A, 0x34,
    0x5C, 0x8A, 0x53, 0x12, 0x69, 0x24, 0x92, 0x04, 0x65, 0xD9, 0xDB, 0x96,
    0x5D, 0x7E, 0xF4, 0xA4, 0x04, 0x33, 0x86, 0x49, 0x25, 0x02, 0x0A, 0x5C,
    0x20, 0xD0, 0x05, 0x32, 0xCE, 0xA6, 0x25, 0x93, 0x69, 0x7E, 0x84, 0xA2,
    0x9B, 0x53, 0x16, 0x09, 0x80, 0x02, 0x00, 0x50, 0x57, 0x00, 0x98, 0x67,
    0xE2, 0x99, 0x67, 0x46, 0x0F, 0x4C, 0x20, 0x01, 0x02, 0x52, 0xF2, 0x39,
    0xA5, 0x01, 0x12, 0x28, 0xB0, 0x40, 0x1B, 0x12, 0xD8, 0xB9, 0x24, 0x97,
    0x87, 0x66, 0xB4, 0xA7, 0xA3, 0x7D, 0x1A, 0x00, 0x40, 0x05, 0x00, 0x0C,
    0x0A, 0xDE, 0x62, 0x98, 0x66, 0x3A, 0x91, 0x8F, 0x12, 0x58, 0x61, 0x29,
    0xA7, 0x54, 0x4A, 0xD0, 0x42, 0xA8, 0xED, 0x15, 0xFF, 0x20, 0x41, 0xA9,
    0xA6, 0x4E, 0x24, 0x2A, 0xAB, 0x61, 0x12, 0xE0, 0x29, 0xAC, 0xED, 0x21,
    0x58, 0x6B, 0x44, 0xA8, 0x22, 0xB0, 0x2A, 0xAE, 0x43, 0x6A, 0x78, 0x41,
    0xA3, 0xE0, 0xF9, 0xFA, 0x6B, 0x44, 0x07, 0x10, 0x4A, 0xEC, 0x90, 0x04,
    0x38, 0xC0, 0x6B, 0xB2, 0xDA, 0x2D, 0xCB, 0xD0, 0x03, 0x0F, 0x48, 0x60,
    0xC2, 0xB0, 0xCF, 0x16, 0xCB, 0xA6, 0x7B, 0xCA, 0x5A, 0xAB, 0x90, 0x9C,
    0xCD, 0x76, 0xEB, 0xA8, 0xAE, 0x66, 0x7E, 0x17, 0xAE, 0xB8, 0x06, 0x5D,
    0x70, 0x81, 0xB6, 0x06, 0x98, 0xCB, 0xA9, 0x03, 0xC8, 0x7E, 0x57, 0x9B,
    0x79, 0xEC, 0x16, 0x34, 0x97, 0x01, 0xCE, 0xCA, 0xEB, 0x6F, 0x00, 0xEB,
    0xE6, 0x3B, 0x50, 0x05, 0x12, 0xC4, 0xFB, 0xEF, 0xC1, 0xA8, 0x49, 0x88,
    0xAF, 0xC0, 0x82, 0x00, 0x70, 0x1A, 0xC2, 0x10, 0x03, 0x0C, 0x80, 0x89,
    0x02, 0x0F, 0x24, 0x41, 0x0D, 0x0F, 0x47, 0x7C, 0x30, 0x67, 0x14, 0x0B,
    0xDC, 0x62, 0xC6, 0x1A, 0x6F, 0x0C, 0x80, 0x9C, 0x15, 0x4F, 0xC1, 0x03,
    0xC8, 0x21, 0xFB, 0x8B, 0x00, 0x0B, 0x35, 0xF0, 0x20, 0x04, 0xAD, 0x99,
    0xCE, 0x85, 0x72, 0xCA, 0x2A, 0xDB, 0x10, 0x42, 0x03, 0x21, 0x20, 0x01,
    0xC0, 0x12, 0xCB, 0xCE, 0xE5, 0x20, 0xCD, 0xFF, 0x22, 0x60, 0xC3, 0x00,
    0x0D, 0x0C, 0xA0, 0x33, 0xCF, 0xBF, 0xFE, 0x0C, 0xB4, 0xBF, 0x1C, 0x34,
    0xE0, 0xF4, 0xD3, 0x4E, 0x87, 0xF0, 0x03, 0x00, 0x42, 0x64, 0xBA, 0x34,
    0xC4, 0x4C, 0xDC, 0x0C, 0x75, 0xD3, 0x03, 0x4C, 0xDD, 0xE5, 0x05, 0x0B,
    0x48, 0xA0, 0xF4, 0xD5, 0xE6, 0x0E, 0x60, 0xF6, 0xD9, 0x03, 0x68, 0xED,
    0x34, 0x09, 0x52, 0x2F, 0x50, 0x02, 0x87, 0x02, 0xC1, 0x4C, 0x17, 0x16,
    0x64, 0x23, 0x3C, 0xC0, 0x0A, 0x68, 0x43, 0xA0, 0x76, 0x03, 0x1C, 0x0C,
    0xFF, 0x60, 0x43, 0x87, 0x0F, 0x64, 0xD0, 0x02, 0x03, 0x63, 0xD7, 0x4D,
    0x2C, 0xDA, 0x88, 0xA3, 0xFD, 0x34, 0x09, 0x71, 0xD8, 0x60, 0xC1, 0x02,
    0x16, 0x34, 0x41, 0x42, 0x0D, 0x8C, 0xD9, 0xD5, 0x82, 0xE1, 0x07, 0xDF,
    0x9D, 0xF8, 0xD9, 0x10, 0x10, 0x1D, 0x75, 0x08, 0x24, 0x0C, 0xB4, 0x45,
    0x03, 0x4D, 0x54, 0x5E, 0x16, 0xE4, 0x08, 0x10, 0x8E, 0xF9, 0xBF, 0x9B,
    0xB7, 0xEE, 0x79, 0x03, 0x24, 0xC4, 0x4E, 0x42, 0x17, 0x3C, 0xE0, 0x58,
    0xD6, 0x70, 0xAB, 0xB3, 0x8E, 0xB7, 0xEB, 0x66, 0x77, 0xCE, 0xC4, 0xE7,
    0x03, 0x70, 0x20, 0x90, 0xED, 0x60, 0x4D, 0xF0, 0x40, 0xEA, 0x85, 0xE7,
    0x8E, 0xAB, 0x0C, 0xBC, 0xB7, 0xDE, 0x74, 0x18, 0x70, 0xC4, 0xA0, 0x84,
    0xE9, 0x62, 0x99, 0x98, 0x45, 0xBF, 0xCA, 0x3F, 0xAB, 0xF9, 0x00, 0x10,
    0x74, 0xEF, 0xBD, 0xF7, 0x67, 0xE3, 0xCD, 0x41, 0xE8, 0x00, 0x0C, 0x10,
    0x04, 0xF5, 0x60, 0x51, 0x80, 0x41, 0xEA, 0xD9, 0x1F, 0xCC, 0x3C, 0xF7,
    0x2A, 0x68, 0x20, 0xFF, 0xFC, 0x1A, 0xCC, 0xD1, 0x39, 0xE2, 0x31, 0xC4,
    0xA0, 0x01, 0x0C, 0x70, 0x8F, 0xB5, 0x69, 0xFB, 0xFE, 0xE2, 0x1E, 0x04,
    0xEE, 0x70, 0x10, 0x0D, 0xBC, 0x00, 0x7C, 0xDC, 0x3B, 0x60, 0x63, 0xFA,
    0xE7, 0x95, 0x34, 0x2C, 0xA0, 0x00, 0x0E, 0x48, 0x9E, 0x73, 0x0C, 0xC0,
    0xA0, 0x0A, 0x56, 0x90, 0x5B, 0x00, 0x4C, 0x8D, 0x0C, 0x38, 0xC0, 0x01,
    0x23, 0x14, 0xA0, 0x04, 0x6A, 0x60, 0x01, 0x0B, 0x4A, 0xC0, 0x02, 0x25,
    0xE4, 0x41, 0x7E, 0x2A, 0xB8, 0x9F, 0xFC, 0xA8, 0x40, 0x96, 0x00, 0xDD,
    0xCA, 0x39, 0x95, 0xB1, 0x8C, 0x7F, 0x10, 0x52, 0x00, 0x0E, 0xE8, 0x27,
    0x83, 0xBD, 0x21, 0xC0, 0x7F, 0x28, 0x80, 0x10, 0x39, 0x44, 0x21, 0x0A,
    0x03, 0x30, 0x4B, 0x06, 0xFF, 0x2C, 0xD0, 0xA0, 0xEF, 0x1C, 0xC0, 0x82,
    0x15, 0xC4, 0x01, 0x05, 0x22, 0x40, 0x81, 0x26, 0x2E, 0x91, 0x02, 0x6C,
    0xBA, 0x20, 0x0E, 0x03, 0x00, 0x02, 0xD5, 0x14, 0x60, 0x01, 0x3C, 0x1C,
    0x88, 0x07, 0x84, 0x40, 0x05, 0x36, 0x04, 0x81, 0x0E, 0xF2, 0x23, 0x21,
    0x59, 0x48, 0xF4, 0xC2, 0x18, 0x06, 0x00, 0x54, 0x14, 0xE1, 0xC2, 0x0D,
    0xB3, 0x27, 0x80, 0x1B, 0xA4, 0x66, 0x87, 0xF8, 0x31, 0x1E, 0x04, 0x53,
    0xC3, 0x00, 0x24, 0xCA, 0x4A, 0x01, 0x47, 0x50, 0x80, 0x1E, 0xF5, 0x48,
    0xBC, 0xE1, 0xE9, 0x31, 0x02, 0x0B, 0x1A, 0x0D, 0x00, 0x41, 0xB0, 0x01,
    0x3A, 0x16, 0x80, 0x02, 0x0B, 0x63, 0x4C, 0x09, 0x4A, 0x20, 0xB7, 0xAE,
    0xF4, 0x00, 0x00, 0x07, 0x58, 0x83, 0x64, 0x38, 0xC0, 0x00, 0x90, 0xAC,
    0x71, 0x75, 0x09, 0xA8, 0xA2, 0x64, 0xFE, 0xF3, 0xC8, 0xED, 0xC8, 0x07,
    0x01, 0x57, 0x28, 0x4D, 0x01, 0x44, 0x10, 0x01, 0x11, 0x88, 0x00, 0x0A,
    0x80, 0xB2, 0x88, 0x29, 0x5B, 0xB0, 0x9C, 0xEC, 0x69, 0x12, 0x35, 0xF4,
    0x52, 0x40, 0x22, 0x2B, 0xE6, 0x10, 0x09, 0x1A, 0xCE, 0x4F, 0x9D, 0xDC,
    0xCE, 0x02, 0x22, 0xC0, 0x4B, 0x40, 0x82, 0x44, 0x01, 0x62, 0x88, 0x80,
    0x17, 0x08, 0xE9, 0xC6, 0xF6, 0xD1, 0xAB, 0x06, 0x41, 0x08, 0x04, 0x0B,
    0x68, 0x19, 0x11, 0x3D, 0x24, 0x00, 0x05, 0xAF, 0x54, 0x9E, 0x9F, 0x98,
    0x29, 0x91, 0x11, 0xA4, 0x20, 0x01, 0x02, 0xD8, 0x00, 0x08, 0xA2, 0xB9,
    0x3A, 0x07, 0x94, 0xC1, 0x0E, 0x4F, 0xD8, 0x5F, 0x09, 0x60, 0x50, 0x02,
    0x6A, 0x2E, 0xE4, 0x9A, 0x02, 0x10, 0x00, 0x34, 0x01, 0x98, 0xC0, 0x18,
    0x98, 0xB3, 0x21, 0x3E, 0x48, 0x00, 0x36, 0xB1, 0xA9, 0x4D, 0x6E, 0xF2,
    0xC6, 0x9E, 0x08, 0x63, 0x1E, 0x04, 0x88, 0xA0, 0xFF, 0x02, 0x15, 0xF0,
    0x41, 0x03, 0xEF, 0x44, 0x88, 0x00, 0xB0, 0x99, 0xCE, 0x74, 0xAE, 0xF3,
    0x39, 0x37, 0x28, 0x24, 0x8D, 0xCC, 0x38, 0x24, 0x0E, 0xAC, 0xC0, 0x7B,
    0x2F, 0x08, 0x62, 0x23, 0x69, 0x49, 0x01, 0x74, 0x16, 0x54, 0x9E, 0x5F,
    0x98, 0x59, 0x6A, 0xC8, 0x60, 0x30, 0xFE, 0x30, 0xE0, 0x2F, 0x06, 0xD0,
    0x68, 0x7B, 0x38, 0x70, 0x3F, 0x08, 0xF8, 0x41, 0x05, 0x1E, 0x60, 0x60,
    0x40, 0x2D, 0x5A, 0xD0, 0x0D, 0xEC, 0xE0, 0x00, 0xDE, 0xE1, 0x4D, 0x25,
    0xBF, 0xB4, 0x1B, 0xF0, 0xE8, 0xAA, 0x20, 0xFF, 0xE3, 0x0F, 0x49, 0x07,
    0x50, 0x87, 0x17, 0x10, 0xC1, 0x50, 0x01, 0x05, 0x40, 0x07, 0x76, 0x20,
    0xCF, 0x82, 0xA6, 0x73, 0x03, 0x7B, 0x28, 0xA2, 0x73, 0x0A, 0x50, 0x81,
    0xBF, 0xB4, 0xA7, 0x8E, 0x26, 0x48, 0x02, 0x06, 0xC6, 0xB0, 0xBE, 0xBE,
    0x88, 0xD4, 0x39, 0xFA, 0x24, 0xC2, 0x13, 0x54, 0xC0, 0xC8, 0xA0, 0x0E,
    0x84, 0x02, 0x03, 0x35, 0xAA, 0x3A, 0x37, 0xE0, 0x06, 0x48, 0x62, 0xEF,
    0x32, 0x04, 0x91, 0xA0, 0x9F, 0x52, 0x59, 0x90, 0xCB, 0x9D, 0x95, 0x37,
    0x37, 0xE0, 0xC0, 0x0B, 0xDC, 0xE9, 0x55, 0x82, 0xE8, 0xA0, 0xA2, 0x04,
    0xBD, 0xA8, 0x0B, 0x3E, 0x30, 0x01, 0x0C, 0x06, 0xA0, 0x92, 0xD3, 0xC1,
    0x80, 0x09, 0xDA, 0x63, 0x00, 0x0B, 0xB0, 0x15, 0x00, 0x0F, 0x28, 0x42,
    0x04, 0x0A, 0x76, 0x55, 0xDE, 0x18, 0xA1, 0x0F, 0x2A, 0x80, 0x81, 0x16,
    0xEA, 0x4A, 0x90, 0xB0, 0x1A, 0x35, 0x01, 0x3B, 0x10, 0x88, 0x5F, 0x2B,
    0x89, 0x58, 0x81, 0xA8, 0xD5, 0x53, 0x87, 0x35, 0x88, 0x90, 0xBE, 0x73,
    0x53, 0xCA, 0x0E, 0x24, 0x07, 0x1F, 0x98, 0x81, 0x65, 0x2F, 0xEA, 0x83,
    0x05, 0x2C, 0x60, 0xB3, 0x02, 0x39, 0x42, 0x11, 0xEA, 0xD5, 0x9B, 0x3A,
    0xFF, 0x06, 0xEE, 0x20, 0x0F, 0x18, 0x8C, 0x03, 0x1A, 0xFB, 0x1E, 0x18,
    0x50, 0xAE, 0xAE, 0x72, 0x5A, 0x40, 0x02, 0x36, 0x20, 0xD6, 0xB1, 0xFA,
    0x40, 0xB3, 0xD8, 0xE3, 0xAC, 0x40, 0x6C, 0x6A, 0xA4, 0xD0, 0x22, 0xC4,
    0x3D, 0xA0, 0xA5, 0xEC, 0x05, 0xF0, 0xA0, 0xDA, 0xBC, 0xEA, 0xF5, 0x03,
    0x0B, 0xE0, 0xCB, 0x73, 0x2A, 0x19, 0xC5, 0xF6, 0x1C, 0x20, 0x03, 0xCE,
    0x2D, 0x88, 0x08, 0x2A, 0x30, 0x33, 0x06, 0x44, 0xF0, 0x3D, 0x7F, 0xAA,
    0xEB, 0x5C, 0xFE, 0x50, 0x54, 0xB1, 0xA2, 0x60, 0x03, 0x1F, 0x10, 0x08,
    0xBF, 0xBE, 0x03, 0x80, 0x29, 0x8C, 0x16, 0x86, 0xD1, 0x6D, 0xC8, 0x68,
    0x75, 0x08, 0x00, 0x7E, 0xDD, 0x34, 0xBC, 0xCC, 0x7C, 0xC0, 0x08, 0x3E,
    0xB0, 0xDA, 0xEB, 0x76, 0x00, 0x01, 0x57, 0x75, 0x80, 0x09, 0x68, 0xEB,
    0x9C, 0x3A, 0x5A, 0xA7, 0x21, 0x0A, 0xD8, 0xED, 0x6A, 0xAA, 0x60, 0x80,
    0xE6, 0x1C, 0xE0, 0xC1, 0x41, 0x95, 0xCF, 0x19, 0xDA, 0x2B, 0x56, 0xF8,
    0xCA, 0x17, 0x7B, 0x04, 0xE0, 0xAE, 0x7B, 0xD6, 0x1A, 0x11, 0x06, 0x80,
    0xC9, 0x3F, 0xA6, 0x49, 0xAF, 0x57, 0x3B, 0x90, 0x83, 0xEA, 0x16, 0x37,
    0x01, 0x2E, 0x98, 0x81, 0x89, 0x3A, 0x2A, 0x53, 0x07, 0x58, 0x40, 0x02,
    0xFB, 0x39, 0xC0, 0x02, 0x00, 0x7C, 0x10, 0x40, 0x56, 0x38, 0x35, 0x45,
    0x4A, 0xCC, 0x04, 0xA8, 0x93, 0x61, 0x00, 0x98, 0xC1, 0xBA, 0x46, 0xF5,
    0x70, 0x12, 0xFA, 0xDB, 0x60, 0x8B, 0x8D, 0xB8, 0xB9, 0x13, 0x71, 0x80,
    0x65, 0xA6, 0x49, 0x59, 0xF9, 0x00, 0xA1, 0xB8, 0x05, 0x75, 0x01, 0x0D,
    0x3A, 0x60, 0x02, 0x26, 0xF7, 0xC6, 0x01, 0xC9, 0x01, 0x00, 0x8E, 0xDD,
    0x53, 0x00, 0x0C, 0x3F, 0x64, 0x3A, 0x15, 0x26, 0x9C, 0x8E, 0x31, 0x50,
    0x65, 0x00, 0x61, 0x79, 0xCE, 0xB8, 0x40, 0x98, 0x18, 0xA0, 0xE6, 0xAB,
    0x1A, 0x69, 0x3D, 0x0E, 0x00, 0x83, 0x65, 0xAE, 0x8A, 0x4D, 0x8B, 0x91,
    0x0E, 0x8C, 0x40, 0xB5, 0xC5, 0x4D, 0x81, 0x0B, 0xE2, 0x9C, 0x01, 0x29,
    0x40, 0x12, 0x3A, 0x43, 0xDC, 0x65, 0xBA, 0x6A, 0x6B, 0x5B, 0x43, 0x4F,
    0x64, 0x01, 0x19, 0x88, 0x74, 0x1F, 0xCD, 0xD9, 0x22, 0x1A, 0x58, 0x57,
    0x9E, 0x09, 0xA0, 0x41, 0x41, 0xE6, 0x5C, 0x67, 0x00, 0x50, 0xA0, 0x45,
    0x8B, 0xCE, 0x0E, 0x9F, 0x39, 0x52, 0x69, 0x24, 0x0F, 0x74, 0xCB, 0x5C,
    0xBA, 0x11, 0x8D, 0x0D, 0x00, 0x39, 0x50, 0x83, 0x07, 0x0C, 0xA4, 0x24,
    0xD9, 0xA8, 0x2F, 0xD2, 0x22, 0x27, 0x60, 0x1A, 0x9B, 0x39, 0x40, 0x08,
    0xA7, 0x61, 0x99, 0x5E, 0x57, 0xF7, 0x66, 0x03, 0x28, 0xC8, 0x66, 0x7C,
    0x75, 0x30, 0x6B, 0x8C, 0xD4, 0xBA, 0xBD, 0x29, 0x08, 0x90, 0x7C, 0x36,
    0xED, 0xE5, 0x00, 0x48, 0x0B, 0x50, 0xBE, 0xE6, 0x0D, 0xB0, 0xE5, 0xF9,
    0x86, 0x1C, 0x10, 0xBB, 0xD8, 0x27, 0x99, 0x73, 0x8A, 0x9E, 0x2D, 0x10,
    0xF9, 0x8C, 0xA0, 0xC0, 0x97, 0x8D, 0x6F, 0x16, 0xB1, 0x4D, 0x12, 0x40,
    0x59, 0x2A, 0xBF, 0xDE, 0x06, 0xF7, 0x45, 0xC5, 0x4D, 0x6E, 0x93, 0x48,
    0xEA, 0x00, 0x1C, 0x30, 0x00, 0x78, 0x2B, 0xE4, 0x66, 0x53, 0x0F, 0x94,
    0xDD, 0xED, 0x2E, 0x37, 0x24, 0x4F, 0x90, 0xDF, 0x39, 0x01, 0x00, 0x0D,
    0xEA, 0xBE, 0xB7, 0xA7, 0xB7, 0x12, 0x10, 0x00, 0x21, 0xF9, 0x04, 0x09,
    0x04, 0x00, 0x00, 0x00, 0x2C, 0x00, 0x00, 0x00, 0x00, 0xD7, 0x00, 0x6E,
    0x00, 0x86, 0x00, 0x00, 0x00, 0x54, 0x85, 0xA7, 0x9A, 0xAB, 0xA8, 0x5C,
    0x92, 0xB7, 0x3A, 0x60, 0x7E, 0x53, 0x85, 0xA7, 0x54, 0x85, 0xA7, 0x54,
    0x85, 0xA8, 0x3C, 0x62, 0x82, 0x54, 0x85, 0xA7, 0x68, 0x98, 0x99, 0x7B,
    0x92, 0x9C, 0x7F, 0x7F, 0x7F, 0x39, 0x5E, 0x7D, 0x55, 0x87, 0xAB, 0x55,
    0x55, 0xAA, 0xA4, 0xB4, 0xAF, 0x54, 0x86, 0xA8, 0x3F, 0x7F, 0xBF, 0x4A,
    0x77, 0x98, 0x55, 0xAA, 0xAA, 0x55, 0x89, 0xAA, 0x66, 0x99, 0xCC, 0x00,
    0xFF, 0xFF, 0x33, 0x66, 0x99, 0x00, 0x00, 0xFF, 0x42, 0x6B, 0x8C, 0xFF,
    0xFF, 0xFF, 0xA9, 0xAA, 0xAA, 0x54, 0x7E, 0xAA, 0x00, 0x7F, 0x7F, 0x6E,
    0x96, 0xAE, 0x9C, 0xAC, 0xA9, 0x84, 0x9C, 0xA5, 0x62, 0x9B, 0xC3, 0x3F,
    0x7F, 0x7F, 0x3C, 0x62, 0x82, 0x77, 0x96, 0xAE, 0x39, 0x60, 0x7E, 0x55,
    0x55, 0x55, 0x3A, 0x61, 0x7D, 0x9B, 0xAC, 0xA9, 0x53, 0x7D, 0x99, 0x4F,
    0x7E, 0xA1, 0x38, 0x5D, 0x7C, 0x62, 0x8D, 0xA7, 0xB7, 0xC8, 0xC3, 0x38,
    0x5A, 0x79, 0x3A, 0x60, 0x7E, 0x4D, 0x91, 0xB2, 0x9C, 0xAC, 0xA8, 0x7A,
    0x91, 0x9C, 0x7A, 0x7F, 0xB8, 0x7F, 0xBF, 0xBF, 0x67, 0x67, 0x97, 0x39,
    0x5D, 0x7C, 0x49, 0x6A, 0x93, 0x7A, 0x92, 0x9D, 0x52, 0x7F, 0xA3, 0x7F,
    0xFF, 0xFF, 0xA6, 0xB7, 0xB1, 0x48, 0x6D, 0xB6, 0x9D, 0xAC, 0xA9, 0x9C,
    0xAD, 0xA9, 0xA1, 0xAE, 0xA8, 0x3A, 0x60, 0x7E, 0xB5, 0xBD, 0xB9, 0x73,
    0x8F, 0x9E, 0x74, 0x8B, 0x99, 0x7F, 0x7F, 0xFF, 0x36, 0x64, 0x6D, 0x99,
    0xCC, 0xCC, 0x37, 0x5B, 0x7A, 0x37, 0x5A, 0x79, 0xA0, 0xB1, 0xAD, 0xAF,
    0xC1, 0xBC, 0x36, 0x5D, 0x79, 0x3F, 0x3F, 0x7F, 0x85, 0x98, 0xA1, 0x3B,
    0x60, 0x7E, 0x55, 0x85, 0x9D, 0x7B, 0x91, 0x9D, 0x9C, 0xAE, 0xA9, 0x7C,
    0x93, 0x9C, 0x73, 0x92, 0xA3, 0x46, 0x70, 0x91, 0x9C, 0xAB, 0xA8, 0xAA,
    0xB8, 0xAF, 0xCC, 0xCC, 0xCC, 0x33, 0x66, 0xCC, 0x9C, 0xB0, 0xAB, 0x55,
    0x55, 0x7F, 0x9F, 0xB3, 0xAB, 0x33, 0x99, 0x99, 0x9F, 0xB0, 0xAC, 0x43,
    0x6C, 0x8C, 0x55, 0x7F, 0x7F, 0x3E, 0x61, 0x82, 0xA0, 0xAE, 0xAA, 0x55,
    0x7F, 0xD4, 0x48, 0x91, 0x91, 0x59, 0x90, 0xB6, 0x5F, 0x91, 0xB1, 0x4C,
    0x99, 0xCC, 0x3A, 0x5E, 0x80, 0x3A, 0x5E, 0x80, 0x55, 0xAA, 0xD4, 0x55,
    0xAA, 0xFF, 0x3B, 0x5F, 0x7E, 0x80, 0x96, 0x9F, 0xFF, 0x00, 0xFF, 0x9F,
    0x9F, 0x9F, 0x6A, 0xA7, 0xD2, 0x33, 0x4C, 0x66, 0x7C, 0x96, 0x9C, 0x78,
    0x97, 0xA8, 0x00, 0x55, 0x55, 0x00, 0x00, 0x00, 0x00, 0x00, 0x00, 0x00,
    0x00, 0x00, 0x00, 0x00, 0x00, 0x00, 0x00, 0x00, 0x00, 0x00, 0x00, 0x00,
    0x00, 0x00, 0x00, 0x00, 0x00, 0x00, 0x00, 0x00, 0x00, 0x00, 0x00, 0x00,
    0x00, 0x00, 0x08, 0xFF, 0x00, 0x01, 0x08, 0x1C, 0x48, 0xB0, 0xA0, 0xC1,
    0x83, 0x08, 0x13, 0x2A, 0x5C, 0xC8, 0xB0, 0xA1, 0xC3, 0x87, 0x10, 0x23,
    0x4A, 0x9C, 0x48, 0xB1, 0xA2, 0xC5, 0x8B, 0x18, 0x33, 0x6A, 0xDC, 0xC8,
    0xB1, 0xA3, 0xC7, 0x8F, 0x20, 0x43, 0x8A, 0x1C, 0x49, 0xB2, 0xA4, 0xC9,
    0x93, 0x28, 0x53, 0xAA, 0x5C, 0xC9, 0xB2, 0xA5, 0xCB, 0x97, 0x30, 0x63,
    0xCA, 0x9C, 0x49, 0xB3, 0xA6, 0xCD, 0x9B, 0x38, 0x73, 0xEA, 0xDC, 0xC9,
    0xB3, 0xA7, 0xCF, 0x9F, 0x40, 0x83, 0x0A, 0x1D, 0x4A, 0xB4, 0xA8, 0xD1,
    0xA3, 0x48, 0x93, 0x2A, 0x5D, 0xCA, 0xB4, 0xA9, 0xD3, 0xA7, 0x50, 0xA3,
    0x4A, 0x9D, 0x4A, 0xB5, 0xAA, 0xD5, 0xAB, 0x58, 0xB3, 0x6A, 0xDD, 0xCA,
    0xB5, 0xAB, 0xD7, 0xAF, 0x60, 0xC3, 0x8A, 0x85, 0xA8, 0xC0, 0x82, 0xD9,
    0x0C, 0x63, 0xD3, 0xAA, 0xD5, 0xCA, 0xC0, 0x42, 0x59, 0xB3, 0x70, 0xDD,
    0x56, 0xBC, 0x00, 0x40, 0x85, 0x81, 0xBB, 0x06, 0x2A, 0x00, 0xD8, 0xB0,
    0xB6, 0x2F, 0xDD, 0x0C, 0x01, 0x06, 0x04, 0x4E, 0x00, 0x80, 0x41, 0x5F,
    0xA1, 0x0F, 0x2C, 0xC4, 0x50, 0x90, 0x00, 0xAF, 0x63, 0xBC, 0x15, 0x14,
    0x74, 0xB0, 0x40, 0xD7, 0x21, 0xDD, 0x0E, 0x06, 0x02, 0x68, 0x0E, 0x40,
    0xD8, 0xF0, 0x61, 0xA2, 0x05, 0x44, 0x04, 0x1E, 0x40, 0xBA, 0x74, 0x80,
    0x2D, 0x13, 0x3D, 0x00, 0xA8, 0xB0, 0x59, 0x73, 0xE7, 0xCF, 0x3D, 0x29,
    0x2C, 0x2E, 0x70, 0xA0, 0x76, 0x84, 0xD6, 0xB8, 0x03, 0x18, 0xA8, 0x7D,
    0xA0, 0x82, 0x85, 0x07, 0x0C, 0x2F, 0x90, 0x51, 0xC0, 0xBA, 0xF5, 0x6B,
    0xD8, 0x3E, 0x0D, 0x88, 0x16, 0x9C, 0xBB, 0x75, 0xE9, 0x01, 0x84, 0xC9,
    0xE2, 0x3E, 0x8E, 0xFC, 0xA6, 0x5B, 0xDA, 0x07, 0x6E, 0x37, 0xDF, 0xAE,
    0x79, 0xB7, 0x0E, 0x05, 0x14, 0x10, 0x66, 0xFF, 0xB8, 0x50, 0x81, 0xF7,
    0xF4, 0xC2, 0xD5, 0x75, 0x46, 0x10, 0xCD, 0xBD, 0x7D, 0x00, 0x11, 0x05,
    0x14, 0x36, 0x01, 0xA0, 0xC3, 0xF4, 0x66, 0xE8, 0xE8, 0xD3, 0xD3, 0x54,
    0x60, 0x83, 0xB6, 0x03, 0xF7, 0x00, 0xEE, 0x96, 0x00, 0x03, 0xAA, 0x11,
    0x94, 0x01, 0x03, 0x98, 0x35, 0x17, 0x81, 0x5E, 0x7C, 0xE9, 0x57, 0x93,
    0x03, 0xEC, 0x01, 0xE8, 0x1E, 0x7C, 0x00, 0x64, 0x51, 0x10, 0x70, 0x05,
    0x30, 0x87, 0x5B, 0x07, 0xF9, 0x39, 0x08, 0x13, 0x0D, 0x12, 0x14, 0x50,
    0xC0, 0x7F, 0x12, 0x4A, 0x68, 0x40, 0x02, 0x12, 0x54, 0x26, 0x10, 0x70,
    0x09, 0x6C, 0x97, 0xC0, 0x81, 0x1E, 0xCE, 0xE4, 0xC0, 0x07, 0x25, 0x96,
    0xF8, 0xC1, 0x01, 0x00, 0x60, 0x40, 0x10, 0x8B, 0x2E, 0x76, 0x18, 0x23,
    0x4B, 0x14, 0x88, 0x48, 0x62, 0x8D, 0x26, 0xA2, 0xA8, 0xA2, 0x04, 0x12,
    0xB4, 0xD8, 0x1C, 0x75, 0x3F, 0xB2, 0x14, 0x18, 0x91, 0x35, 0x0E, 0x80,
    0xA3, 0x8E, 0x04, 0x29, 0x99, 0x1B, 0x93, 0x4D, 0x9E, 0x44, 0x41, 0x88,
    0x50, 0x42, 0x79, 0x22, 0x06, 0x17, 0x84, 0x59, 0x01, 0x6D, 0x3D, 0x7A,
    0x96, 0xA5, 0x4A, 0x5D, 0x42, 0x79, 0x63, 0x8E, 0x46, 0x00, 0x50, 0x00,
    0x8D, 0x65, 0x9E, 0x89, 0x12, 0x0E, 0x09, 0x14, 0x90, 0xA6, 0x97, 0x09,
    0x60, 0x70, 0x42, 0x79, 0xED, 0x61, 0x29, 0x27, 0x48, 0x74, 0x61, 0xF0,
    0xE4, 0x9D, 0x51, 0x1A, 0x20, 0x50, 0x86, 0xED, 0xE9, 0x65, 0xE6, 0x9F,
    0x21, 0xC9, 0x66, 0x27, 0xA1, 0x78, 0x5E, 0xF0, 0x28, 0x77, 0x05, 0x54,
    0xB0, 0x28, 0xA3, 0x20, 0x15, 0x07, 0x29, 0x91, 0x03, 0x18, 0x3A, 0x29,
    0x77, 0x7E, 0x62, 0xAA, 0x51, 0x05, 0x75, 0x6E, 0xDA, 0xE5, 0x82, 0x9F,
    0xC6, 0x29, 0x2A, 0x47, 0x86, 0x75, 0x60, 0x6A, 0x9A, 0x9D, 0x26, 0xFF,
    0xA0, 0xA1, 0xAA, 0xAB, 0x66, 0x94, 0x01, 0x05, 0x2A, 0xA4, 0xFA, 0x6A,
    0x89, 0xBB, 0x01, 0x18, 0x6A, 0xAD, 0x15, 0x59, 0xB9, 0xEB, 0xB0, 0x9B,
    0xFD, 0x0A, 0x2C, 0x44, 0x17, 0xD0, 0x30, 0x26, 0xB1, 0xCC, 0xBA, 0xE6,
    0xE3, 0xB1, 0x12, 0xD1, 0x25, 0x6C, 0xB3, 0xC3, 0x1A, 0x0B, 0xED, 0x42,
    0x19, 0x54, 0x10, 0x83, 0xAE, 0xD4, 0x9A, 0x8A, 0x22, 0x03, 0x19, 0xA0,
    0x85, 0xD6, 0xB5, 0x0D, 0xA9, 0xC6, 0x6D, 0xB7, 0xAF, 0x46, 0x47, 0x2E,
    0x44, 0x2A, 0x2C, 0x8B, 0x6E, 0xB3, 0x3A, 0x00, 0x50, 0x42, 0x09, 0x44,
    0x94, 0xA0, 0x00, 0x00, 0xE3, 0xAE, 0x7B, 0x21, 0x00, 0x07, 0xBC, 0xDB,
    0x2D, 0x61, 0x39, 0x84, 0xB0, 0x40, 0x08, 0x51, 0x00, 0xE0, 0x86, 0xBE,
    0x06, 0x55, 0x50, 0xC2, 0x01, 0xB3, 0xFA, 0xBB, 0x6B, 0x02, 0x0A, 0xCC,
    0x20, 0x30, 0xC1, 0x0A, 0xCC, 0x4B, 0x03, 0xC2, 0x00, 0x00, 0xD7, 0xAF,
    0xC3, 0xD4, 0x0E, 0xB1, 0xC0, 0xC7, 0x20, 0x7F, 0x1C, 0xC2, 0x14, 0x00,
    0xEC, 0xA0, 0x6F, 0x0F, 0x34, 0x30, 0xCC, 0x71, 0xB3, 0x1F, 0xB4, 0x11,
    0x32, 0xC8, 0x02, 0x4C, 0x51, 0x43, 0x0D, 0x1C, 0x5C, 0xBB, 0x06, 0x00,
    0x99, 0xAD, 0xDC, 0xB1, 0x00, 0x3C, 0xF3, 0x2C, 0x70, 0xC8, 0x21, 0xE4,
    0xB0, 0xD7, 0xB1, 0x12, 0xE0, 0xDC, 0xB0, 0xCE, 0xAF, 0x0E, 0xD1, 0xB3,
    0x00, 0x10, 0xFC, 0x0C, 0x72, 0xD0, 0x43, 0xAF, 0x2A, 0x41, 0x06, 0x39,
    0x23, 0x4D, 0xEC, 0xD2, 0x58, 0x2F, 0x0D, 0xB4, 0xD0, 0x27, 0x00, 0x40,
    0xC4, 0x0C, 0xF7, 0x36, 0xD8, 0x64, 0x04, 0x47, 0x5B, 0x0D, 0xA9, 0x00,
    0x40, 0x64, 0xDD, 0x33, 0x04, 0x02, 0x00, 0x3D, 0xC3, 0x40, 0x44, 0x2C,
    0x10, 0x76, 0x8C, 0x12, 0x30, 0xA0, 0x9D, 0xD9, 0x57, 0xAB, 0xAD, 0xF7,
    0xCB, 0x54, 0xCC, 0xFF, 0x20, 0x07, 0x05, 0x2A, 0xC6, 0x48, 0x36, 0xDE,
    0x79, 0xEB, 0xBD, 0x34, 0xDB, 0x4F, 0x7F, 0xD0, 0xB6, 0x40, 0x81, 0x57,
    0x47, 0xC1, 0x03, 0x11, 0x0C, 0x49, 0xF8, 0xAE, 0x86, 0x57, 0xFE, 0xC1,
    0x02, 0x4E, 0x38, 0x21, 0x83, 0x10, 0x51, 0x3B, 0xE8, 0x40, 0xD9, 0x93,
    0x13, 0x8A, 0xF6, 0xDA, 0x10, 0x94, 0x6E, 0x7A, 0xE9, 0x58, 0x7F, 0xF0,
    0xF6, 0x06, 0x02, 0x48, 0xD1, 0x39, 0x6C, 0x14, 0x50, 0x10, 0x79, 0xE8,
    0xCD, 0xAE, 0x9D, 0x02, 0x08, 0xB8, 0xE3, 0xAE, 0x05, 0x08, 0x29, 0xB0,
    0x8D, 0xB5, 0x12, 0x32, 0x80, 0x50, 0x83, 0xD8, 0xE9, 0xD1, 0x4E, 0x2D,
    0xD3, 0x4C, 0x5F, 0x71, 0xD0, 0x0F, 0x2E, 0x98, 0xDE, 0xF3, 0x12, 0x10,
    0xD4, 0xF0, 0x7A, 0x5F, 0x19, 0x48, 0x10, 0xC3, 0xEC, 0xC6, 0x33, 0xDB,
    0xC2, 0xF6, 0x2D, 0x98, 0x51, 0x00, 0x07, 0x0A, 0xEC, 0xB0, 0x03, 0x07,
    0xE3, 0x5F, 0x81, 0x7B, 0xEF, 0x3C, 0x8B, 0x01, 0xC2, 0xA5, 0xC8, 0x65,
    0xEF, 0xEF, 0x00, 0xF1, 0x8D, 0x80, 0x10, 0x08, 0xD0, 0x0B, 0xA0, 0xDF,
    0x05, 0x12, 0x74, 0x80, 0xBD, 0xFB, 0xC4, 0x6A, 0xB0, 0xC2, 0x66, 0x05,
    0x60, 0x80, 0xFC, 0x06, 0xB2, 0x01, 0x0E, 0x18, 0x50, 0x0A, 0x5C, 0xF8,
    0x01, 0x08, 0x0C, 0xA8, 0x1F, 0x1B, 0xF0, 0x8F, 0x5A, 0x04, 0x98, 0x00,
    0x00, 0x01, 0x30, 0x40, 0x39, 0x31, 0x80, 0x31, 0x11, 0xB8, 0xDB, 0x03,
    0x87, 0x35, 0x01, 0xFF, 0x69, 0xC6, 0x01, 0x05, 0x78, 0x1C, 0x42, 0x0C,
    0x58, 0xB3, 0xF4, 0xA8, 0x60, 0x83, 0xDD, 0x42, 0x80, 0x04, 0x03, 0x13,
    0x1F, 0x2A, 0x35, 0x29, 0x31, 0x09, 0xC8, 0x20, 0x0A, 0xA9, 0xB5, 0xC2,
    0x0F, 0x16, 0x60, 0x04, 0xC0, 0x39, 0x93, 0xAC, 0xBA, 0xF4, 0x9C, 0x1E,
    0x92, 0x66, 0x86, 0xCD, 0x91, 0x52, 0x8E, 0xFF, 0x7E, 0x24, 0x01, 0x0B,
    0xC4, 0x50, 0x83, 0x25, 0x8A, 0x80, 0x88, 0x96, 0xC8, 0x44, 0x32, 0x01,
    0x31, 0x37, 0x20, 0xB4, 0xD7, 0x11, 0x4A, 0xE8, 0xA0, 0xD0, 0xB4, 0xC7,
    0x87, 0x82, 0x11, 0x81, 0xA1, 0x12, 0xA2, 0x86, 0xD1, 0xD8, 0x67, 0x86,
    0x42, 0xF4, 0x50, 0x11, 0x00, 0xD0, 0x18, 0x24, 0xE2, 0x86, 0x37, 0x68,
    0xE4, 0x4D, 0x9E, 0x3A, 0x80, 0x81, 0x36, 0xBA, 0xB1, 0x0B, 0x18, 0x28,
    0x4F, 0x1A, 0x25, 0xB7, 0x41, 0x07, 0xCC, 0xC1, 0x07, 0x3C, 0x48, 0xC1,
    0x11, 0xDE, 0x70, 0x04, 0xCE, 0x1D, 0xC6, 0x42, 0x07, 0x80, 0x03, 0x16,
    0x9F, 0x03, 0x85, 0x8D, 0x40, 0xE8, 0x89, 0x4C, 0x73, 0x81, 0x15, 0xD2,
    0xA3, 0x9A, 0x04, 0xA4, 0xF1, 0x91, 0xBD, 0x91, 0x8C, 0x02, 0x26, 0x49,
    0x49, 0x05, 0xE4, 0x30, 0x21, 0x36, 0xA0, 0x64, 0x07, 0x14, 0x40, 0x9B,
    0x2A, 0x94, 0xA8, 0x86, 0x2B, 0x6B, 0x01, 0xD3, 0x64, 0xE0, 0x03, 0x3C,
    0xA6, 0x60, 0x7A, 0x18, 0x53, 0x48, 0x12, 0x24, 0x34, 0x01, 0x04, 0x80,
    0x0E, 0x5D, 0x1F, 0x00, 0x82, 0xE9, 0x5C, 0x60, 0x3F, 0xF6, 0x8D, 0xA5,
    0x2D, 0x95, 0xCC, 0xE5, 0x24, 0x39, 0xD2, 0x03, 0x0B, 0x24, 0x61, 0x02,
    0xC0, 0x74, 0x0F, 0x02, 0xAA, 0xB6, 0xB2, 0x0F, 0xF8, 0x0E, 0x02, 0x4A,
    0xF8, 0x01, 0xF1, 0x52, 0x99, 0x10, 0xE0, 0x98, 0x00, 0x01, 0x0D, 0x00,
    0x65, 0x73, 0x58, 0x70, 0x06, 0x2F, 0x96, 0xE8, 0x39, 0x69, 0x32, 0xA6,
    0x00, 0xBC, 0xE0, 0x02, 0x19, 0x3C, 0x8B, 0x99, 0x07, 0x71, 0x26, 0x34,
    0x35, 0x10, 0xCC, 0xED, 0x54, 0xA1, 0x02, 0x8E, 0x29, 0x27, 0x77, 0x1C,
    0xF0, 0x98, 0x2E, 0x89, 0x12, 0x02, 0x32, 0xC8, 0xA3, 0x10, 0x96, 0x09,
    0x4E, 0x83, 0x88, 0x93, 0x00, 0x0D, 0x88, 0xE6, 0x3A, 0x0B, 0xC2, 0xFF,
    0x02, 0x7D, 0x72, 0x67, 0x8B, 0x02, 0xD9, 0x21, 0x91, 0x56, 0xF0, 0x01,
    0x45, 0xD6, 0xD3, 0x21, 0xF7, 0x44, 0x00, 0x01, 0xC8, 0xB9, 0x1D, 0x07,
    0x94, 0x65, 0x0C, 0x1D, 0xC0, 0x01, 0x02, 0x10, 0xF0, 0xBF, 0x7F, 0x5A,
    0xA0, 0x02, 0xBD, 0x6C, 0xCC, 0x5D, 0x88, 0x44, 0x85, 0x3C, 0x62, 0x81,
    0x8A, 0x07, 0x45, 0xC8, 0x3D, 0x09, 0x00, 0x4D, 0x69, 0x6E, 0xC6, 0x01,
    0x02, 0x19, 0x57, 0x3F, 0x4D, 0x7A, 0x9F, 0x08, 0x00, 0xA0, 0x68, 0x04,
    0x39, 0xE1, 0x0F, 0xDD, 0xD3, 0xA9, 0x90, 0x22, 0xF4, 0x01, 0xCF, 0x24,
    0x00, 0x49, 0xFD, 0xD9, 0x9C, 0x02, 0x14, 0x21, 0x03, 0x4D, 0x08, 0x03,
    0x43, 0xD7, 0x59, 0x00, 0x0F, 0x8C, 0x11, 0x00, 0x17, 0xC0, 0x81, 0x05,
    0xA0, 0x80, 0x17, 0x13, 0x61, 0xA1, 0x04, 0x36, 0x5D, 0xC8, 0x48, 0x4B,
    0xDA, 0x1E, 0x1C, 0x00, 0x20, 0x0E, 0x0D, 0xA0, 0xA9, 0xA1, 0x60, 0x8A,
    0x90, 0x41, 0xFD, 0xF3, 0xA5, 0x51, 0x55, 0x08, 0x06, 0x82, 0x40, 0x02,
    0x68, 0xEE, 0xD4, 0x83, 0xCD, 0x71, 0x80, 0x0A, 0xEA, 0xA2, 0x81, 0x00,
    0x6D, 0xE9, 0x20, 0x60, 0x90, 0x8C, 0x01, 0xCC, 0xE8, 0x00, 0xEC, 0x6D,
    0x35, 0xAC, 0x08, 0x31, 0x0C, 0x0B, 0x34, 0xD0, 0x00, 0x9D, 0xEE, 0x94,
    0xA5, 0x9A, 0x19, 0x08, 0x80, 0x6A, 0xCA, 0xD5, 0x84, 0x78, 0x15, 0x7E,
    0x46, 0x23, 0x2C, 0x5E, 0x0F, 0x32, 0x02, 0xB2, 0x9A, 0xD5, 0xAF, 0x08,
    0xF8, 0x02, 0x1D, 0x01, 0xE8, 0xAE, 0xF6, 0x38, 0xE0, 0x00, 0x17, 0xB8,
    0xE4, 0x41, 0x32, 0x39, 0xD7, 0xD6, 0x18, 0xA0, 0x0C, 0x06, 0x70, 0xC0,
    0x65, 0x33, 0xBB, 0xD8, 0x82, 0xA8, 0x06, 0x06, 0x7C, 0xF5, 0x2B, 0x3E,
    0x35, 0x80, 0x84, 0x37, 0x6D, 0xC7, 0x55, 0x5A, 0x1D, 0xA2, 0x43, 0x3E,
    0xB7, 0x19, 0xF8, 0xFF, 0x64, 0x47, 0xB6, 0xA5, 0x1D, 0xC8, 0x08, 0x50,
    0x50, 0xD6, 0xBE, 0xEA, 0xB4, 0x01, 0x08, 0x20, 0xC1, 0x0B, 0x12, 0x30,
    0x59, 0xCD, 0x9C, 0xAB, 0x35, 0x97, 0x95, 0x80, 0x66, 0x13, 0x32, 0xC9,
    0xCE, 0x6A, 0x46, 0x4A, 0xB4, 0x79, 0xC0, 0x72, 0x73, 0x0B, 0x5C, 0xDF,
    0xFE, 0x96, 0xB5, 0x87, 0xBA, 0x93, 0x10, 0x5D, 0xF8, 0x90, 0xC1, 0x85,
    0x31, 0xB7, 0x05, 0x39, 0x01, 0x0A, 0x60, 0xF0, 0xD8, 0xEB, 0xA2, 0xC1,
    0x03, 0x1B, 0x38, 0xAE, 0x7B, 0x2E, 0x2B, 0xC2, 0x87, 0x74, 0x80, 0x06,
    0x73, 0xCD, 0x60, 0x00, 0x39, 0x04, 0x5E, 0x82, 0xEC, 0x54, 0xB5, 0xAB,
    0x65, 0xC3, 0xA1, 0x5E, 0xC9, 0x1D, 0x21, 0x16, 0xB6, 0xBE, 0x18, 0x39,
    0xC1, 0x0D, 0x7A, 0xAB, 0x5A, 0xE0, 0x22, 0x20, 0x0D, 0x87, 0x2A, 0xEE,
    0x7A, 0x0B, 0xF0, 0x80, 0xF0, 0x48, 0xE4, 0x01, 0x48, 0xAA, 0x1B, 0x80,
    0xED, 0x5B, 0x5E, 0x9D, 0x22, 0x00, 0xBB, 0x23, 0x90, 0x1F, 0xA2, 0xA2,
    0x84, 0xA3, 0xFF, 0x4E, 0xB8, 0x22, 0x1E, 0x40, 0x41, 0x75, 0x7F, 0x4B,
    0x52, 0x18, 0x90, 0xE0, 0x09, 0x1E, 0x88, 0x1D, 0x03, 0x46, 0x54, 0x23,
    0xD1, 0x06, 0xD0, 0xC1, 0x1F, 0xBE, 0x08, 0x13, 0xEE, 0x6B, 0xE1, 0x0B,
    0x3F, 0xA1, 0x20, 0xE1, 0x99, 0x56, 0x7F, 0xE3, 0x13, 0xE3, 0x8D, 0x30,
    0xC1, 0xC4, 0x3B, 0x55, 0x28, 0x0B, 0x48, 0x10, 0x84, 0x13, 0xB4, 0x49,
    0x20, 0x14, 0xC8, 0x80, 0x7A, 0x71, 0x13, 0xC2, 0x0A, 0xF6, 0x38, 0x23,
    0x65, 0xBD, 0xF0, 0x0B, 0x10, 0x12, 0x9E, 0x73, 0x21, 0xA0, 0x35, 0x13,
    0x98, 0xF2, 0x74, 0x9F, 0x4C, 0x11, 0x0F, 0x78, 0x80, 0x05, 0x08, 0x20,
    0xEF, 0x0B, 0x3C, 0xE0, 0xE1, 0x1C, 0x6F, 0x47, 0x85, 0x01, 0xF8, 0x9F,
    0x06, 0x5E, 0x90, 0x81, 0x2D, 0x73, 0x59, 0x4C, 0x24, 0x66, 0x6E, 0x8D,
    0x59, 0xF3, 0x39, 0xD1, 0x1B, 0x64, 0xEC, 0xCD, 0x29, 0x89, 0xB3, 0x66,
    0x56, 0xA0, 0x50, 0xC8, 0x22, 0xC0, 0xCE, 0x6E, 0xC6, 0x73, 0x48, 0x78,
    0x14, 0x00, 0xFC, 0x4E, 0x14, 0x05, 0xDF, 0x14, 0x34, 0x49, 0x80, 0xA3,
    0x83, 0x00, 0x4C, 0x00, 0xBF, 0x24, 0x45, 0xB4, 0x2D, 0x15, 0x2D, 0x92,
    0xAE, 0xA1, 0xA0, 0xCF, 0x16, 0x26, 0xC0, 0x0D, 0x46, 0x40, 0x07, 0x4A,
    0xAB, 0xC4, 0xD2, 0xE5, 0x55, 0x68, 0x9B, 0x0A, 0x04, 0x96, 0x80, 0x00,
    0x00, 0x21, 0xF9, 0x04, 0x09, 0x04, 0x00, 0x00, 0x00, 0x2C, 0x00, 0x00,
    0x00, 0x00, 0xD7, 0x00, 0x6E, 0x00, 0x86, 0x00, 0x00, 0x00, 0x54, 0x85,
    0xA7, 0x9A, 0xAB, 0xA8, 0x5C, 0x92, 0xB7, 0x54, 0x85, 0xA7, 0x54, 0x85,
    0xA7, 0x54, 0x85, 0xA7, 0x68, 0x98, 0x99, 0x53, 0x84, 0xA7, 0x7F, 0x7F,
    0x7F, 0x7B, 0x92, 0x9C, 0x55, 0x86, 0xA9, 0x38, 0x5D, 0x7C, 0x54, 0x85,
    0xA8, 0x66, 0x99, 0xCC, 0xA4, 0xB4, 0xAF, 0x3C, 0x63, 0x83, 0x00, 0xFF,
    0xFF, 0x4A, 0x77, 0x98, 0xFF, 0xFF, 0xFF, 0x3F, 0x7F, 0x7F, 0x3F, 0x7F,
    0xBF, 0x54, 0x87, 0xA8, 0x55, 0xAA, 0xAA, 0x41, 0x6A, 0x8B, 0x33, 0x66,
    0x97, 0x55, 0x55, 0xAA, 0x70, 0x96, 0xAC, 0x61, 0x9A, 0xC2, 0x54, 0x7F,
    0xAA, 0x9B, 0xAC, 0xA8, 0x84, 0x9C, 0xA6, 0x00, 0x00, 0xFF, 0x38, 0x5E,
    0x7D, 0x00, 0x7F, 0x7F, 0x3F, 0x3F, 0x7F, 0x3A, 0x60, 0x7F, 0x37, 0x5C,
    0x7A, 0xAA, 0xAA, 0xAA, 0x7A, 0x91, 0x9C, 0x9C, 0xAC, 0xA9, 0x4F, 0x7E,
    0xA1, 0x48, 0x91, 0xB6, 0x99, 0xCC, 0xCC, 0x9B, 0xAB, 0xA9, 0x7F, 0x7F,
    0xBF, 0x7F, 0xBF, 0xBF, 0x77, 0x8C, 0x9A, 0xB7, 0xC9, 0xC4, 0x48, 0x91,
    0x91, 0x36, 0x67, 0x6C, 0x56, 0x7A, 0x98, 0x9D, 0xAC, 0xA9, 0xA1, 0xAE,
    0xA8, 0x78, 0x96, 0xAD, 0x55, 0x7F, 0x7F, 0x50, 0x7E, 0xA6, 0x61, 0x8C,
    0xA7, 0x55, 0x55, 0x55, 0xB2, 0xB9, 0xB2, 0x33, 0x66, 0xCC, 0x7B, 0x93,
    0x9C, 0xA6, 0xB3, 0xAD, 0x39, 0x60, 0x7E, 0x3B, 0x60, 0x7E, 0x7F, 0x7F,
    0xFF, 0x7F, 0xA7, 0xA7, 0x36, 0x5A, 0x79, 0x33, 0x99, 0xCC, 0x38, 0x60,
    0x7C, 0xA8, 0xB7, 0xB1, 0x66, 0x66, 0x99, 0x3A, 0x5F, 0x7D, 0x70, 0x8A,
    0xAA, 0x85, 0x9B, 0xA6, 0x31, 0x55, 0x78, 0x3A, 0x61, 0x81, 0x96, 0xAD,
    0xA2, 0x9C, 0xAD, 0xA8, 0x9B, 0xAC, 0xA8, 0x00, 0x7F, 0xFF, 0x7B, 0x91,
    0x9C, 0x95, 0xB4, 0xAD, 0x33, 0x99, 0x99, 0x7F, 0xFF, 0xFF, 0x43, 0x6D,
    0x8D, 0x4A, 0x69, 0x95, 0x7C, 0x94, 0x9C, 0xA0, 0xAB, 0xAB, 0x9F, 0xB0,
    0xAC, 0x9D, 0xB0, 0xAB, 0xA0, 0xAE, 0xA8, 0x3F, 0x7F, 0x9F, 0x4E, 0x7A,
    0x9C, 0x49, 0x75, 0x96, 0x3E, 0x66, 0x87, 0x57, 0x83, 0x9E, 0x3C, 0x60,
    0x80, 0x3C, 0x64, 0x85, 0x8D, 0x9D, 0xA2, 0xA5, 0xB7, 0xB1, 0x3A, 0x60,
    0x7E, 0x9F, 0x9F, 0x9F, 0x3A, 0x60, 0x7F, 0x5B, 0x91, 0xB6, 0x55, 0xAA,
    0xFF, 0x6A, 0xA7, 0xD2, 0x3A, 0x5F, 0x80, 0xA5, 0xB7, 0xB3, 0xA1, 0xB2,
    0xAD, 0x66, 0x66, 0xCC, 0x76, 0x97, 0xA7, 0x39, 0x5F, 0x7F, 0x68, 0x8F,
    0xA6, 0x22, 0x44, 0x55, 0xB1, 0xC2, 0xBE, 0x7F, 0x97, 0x9F, 0xCC, 0xCC,
    0xCC, 0x00, 0x00, 0x00, 0x00, 0x00, 0x00, 0x00, 0x00, 0x00, 0x00, 0x00,
    0x00, 0x00, 0x00, 0x00, 0x00, 0x00, 0x00, 0x00, 0x00, 0x00, 0x00, 0x00,
    0x00, 0x00, 0x00, 0x00, 0x00, 0x00, 0x00, 0x08, 0xFF, 0x00, 0x01, 0x08,
    0x1C, 0x48, 0xB0, 0xA0, 0xC1, 0x83, 0x08, 0x13, 0x2A, 0x5C, 0xC8, 0xB0,
    0xA1, 0xC3, 0x87, 0x10, 0x23, 0x4A, 0x9C, 0x48, 0xB1, 0xA2, 0xC5, 0x8B,
    0x18, 0x33, 0x6A, 0xDC, 0xC8, 0xB1, 0xA3, 0xC7, 0x8F, 0x20, 0x43, 0x8A,
    0x1C, 0x49, 0xB2, 0xA4, 0xC9, 0x93, 0x28, 0x53, 0xAA, 0x5C, 0xC9, 0xB2,
    0xA5, 0xCB, 0x97, 0x30, 0x63, 0xCA, 0x9C, 0x49, 0xB3, 0xA6, 0xCD, 0x9B,
    0x38, 0x73, 0xEA, 0xDC, 0xC9, 0xB3, 0xA7, 0xCF, 0x9F, 0x40, 0x83, 0x0A,
    0x1D, 0x4A, 0xB4, 0xA8, 0xD1, 0xA3, 0x48, 0x93, 0x2A, 0x5D, 0xCA, 0xB4,
    0xA9, 0xD3, 0xA7, 0x50, 0xA3, 0x4A, 0x9D, 0x4A, 0xB5, 0xAA, 0xD5, 0xAB,
    0x58, 0xB3, 0x6A, 0xDD, 0xCA, 0xB5, 0xAB, 0xD0, 0x03, 0x0E, 0xC0, 0x82,
    0xF0, 0x4A, 0xB6, 0xAC, 0x59, 0x94, 0x11, 0x00, 0x58, 0x28, 0xC0, 0xB6,
    0x80, 0x05, 0x00, 0x13, 0xCE, 0xCA, 0x45, 0x98, 0x16, 0x40, 0x80, 0x01,
    0x77, 0x0D, 0x00, 0x48, 0x30, 0x57, 0x69, 0x82, 0xB0, 0x0E, 0x02, 0x0B,
    0x16, 0x3C, 0x16, 0x62, 0xDA, 0xB5, 0x01, 0x12, 0x07, 0xD0, 0xCB, 0xB7,
    0xAF, 0x63, 0x11, 0x00, 0xC0, 0x28, 0x4E, 0xCC, 0xD8, 0x31, 0x51, 0x0D,
    0x0E, 0x62, 0x1C, 0x30, 0xD0, 0xB6, 0x73, 0x67, 0x0B, 0x07, 0x3A, 0x38,
    0x68, 0xAC, 0x30, 0x82, 0x8A, 0x03, 0x16, 0x26, 0x2F, 0xDE, 0x6B, 0xF9,
    0x28, 0x02, 0x0E, 0x77, 0x07, 0xC8, 0x9E, 0x2D, 0xFB, 0xAD, 0x44, 0x2B,
    0xAA, 0x2B, 0xB7, 0xFE, 0x99, 0xC1, 0x81, 0x01, 0x02, 0xC0, 0x1B, 0xA8,
    0x1E, 0x5E, 0x00, 0x38, 0x01, 0x03, 0x0E, 0x2E, 0x20, 0x04, 0x11, 0xC1,
    0x02, 0xF0, 0x02, 0xB9, 0x59, 0xEF, 0x06, 0x4A, 0x00, 0x36, 0xDE, 0xE1,
    0xC3, 0xF1, 0x72, 0x40, 0xA0, 0x70, 0x04, 0x00, 0x03, 0xB3, 0x27, 0x0F,
    0xFF, 0xD0, 0x3D, 0x5D, 0x67, 0x86, 0x03, 0x08, 0x08, 0x08, 0xC7, 0xCE,
    0x5E, 0x71, 0x71, 0x03, 0x09, 0x20, 0x13, 0x04, 0x91, 0x00, 0x31, 0xF1,
    0xB7, 0x71, 0xCB, 0xF3, 0x2C, 0x00, 0xBB, 0xBD, 0xFF, 0x00, 0xDB, 0x01,
    0xC0, 0x43, 0x41, 0x1A, 0x00, 0x80, 0xC0, 0x75, 0xAA, 0x75, 0x20, 0x9D,
    0x7E, 0x37, 0x9D, 0x97, 0xDE, 0x7A, 0xFF, 0xF9, 0x57, 0x80, 0x01, 0x15,
    0xC8, 0x27, 0x50, 0x81, 0x06, 0xB0, 0x67, 0x00, 0x7D, 0x0C, 0xEA, 0xD4,
    0x40, 0x7F, 0x11, 0xFA, 0xB7, 0x01, 0x01, 0x02, 0x12, 0x84, 0xA1, 0x86,
    0x0B, 0x76, 0x28, 0x53, 0x04, 0x17, 0x20, 0x80, 0xC0, 0x02, 0x21, 0x86,
    0x38, 0x61, 0x06, 0x75, 0x01, 0x50, 0x41, 0x05, 0x19, 0x62, 0x47, 0x9E,
    0x8A, 0x31, 0x29, 0xB7, 0x00, 0x88, 0x31, 0xFA, 0x37, 0x00, 0x89, 0x19,
    0x14, 0x94, 0xE3, 0x70, 0x3B, 0xF2, 0xE8, 0x12, 0x08, 0x9B, 0xC1, 0x18,
    0xA4, 0x8C, 0x06, 0xD0, 0x18, 0x41, 0x04, 0x1D, 0xA4, 0x87, 0x22, 0x69,
    0x4A, 0xBA, 0x14, 0x04, 0x00, 0x0B, 0x20, 0xF8, 0xA4, 0x88, 0x44, 0xCA,
    0x60, 0x20, 0x90, 0xAA, 0xBD, 0x85, 0x65, 0x96, 0x2C, 0xB5, 0x60, 0x80,
    0x93, 0x5F, 0x46, 0xD8, 0x40, 0x94, 0x3A, 0x38, 0xE7, 0x1F, 0x01, 0x16,
    0xE4, 0x87, 0x26, 0x4B, 0x7C, 0xB1, 0xD9, 0xE6, 0x7F, 0x03, 0x14, 0x20,
    0xD0, 0x81, 0xFF, 0x25, 0x79, 0xA7, 0x49, 0x1A, 0xA8, 0xA9, 0xE7, 0x9E,
    0xFE, 0xBD, 0x99, 0x00, 0x02, 0x11, 0x0A, 0x3A, 0xA8, 0x49, 0x87, 0x22,
    0xDA, 0x5E, 0x9F, 0x06, 0x36, 0x9A, 0xE2, 0xA3, 0x24, 0x5D, 0x80, 0xC3,
    0x9A, 0x92, 0xC6, 0xD8, 0x80, 0x05, 0x8C, 0x06, 0x7A, 0x29, 0xA6, 0x23,
    0xDD, 0xD5, 0x69, 0x8C, 0x7D, 0x82, 0x27, 0xEA, 0x99, 0xA4, 0x82, 0x44,
    0xC1, 0x91, 0xA7, 0xCA, 0xFF, 0x48, 0x80, 0xA5, 0xAC, 0xB6, 0xCA, 0xD1,
    0x58, 0x22, 0xC4, 0xAA, 0x6B, 0x74, 0xB5, 0xDA, 0xAA, 0x11, 0x08, 0xAF,
    0xEE, 0x2A, 0xEC, 0x6A, 0xBD, 0xFA, 0x7A, 0x51, 0x5A, 0x33, 0x0C, 0x2B,
    0xAC, 0xA3, 0xC6, 0x5E, 0x04, 0x45, 0xB0, 0xCA, 0xEA, 0x8A, 0x40, 0x07,
    0x09, 0x4C, 0x60, 0xAD, 0x9D, 0xCD, 0x5E, 0x94, 0x5A, 0xB4, 0xBB, 0xE2,
    0x90, 0x2D, 0x47, 0x44, 0x58, 0x00, 0x2B, 0xB7, 0x9D, 0x7A, 0x6B, 0x83,
    0x12, 0xE7, 0x1E, 0x00, 0x57, 0x61, 0xDF, 0x3A, 0xC4, 0xD7, 0xB8, 0xE4,
    0x76, 0xAA, 0x57, 0x0F, 0x1F, 0x28, 0xF0, 0x41, 0x14, 0xED, 0x4A, 0x94,
    0xC0, 0x05, 0xF0, 0xC6, 0x8B, 0x28, 0x02, 0x2F, 0x9C, 0x50, 0xEF, 0xBD,
    0x2F, 0x24, 0x61, 0x83, 0xBA, 0x35, 0xE6, 0x7B, 0x50, 0x5C, 0xFD, 0xFA,
    0xBB, 0xA7, 0x02, 0x10, 0x47, 0x1C, 0xF1, 0x07, 0x57, 0x00, 0x90, 0xB0,
    0xC2, 0x05, 0xB9, 0xD1, 0x41, 0xC3, 0x0E, 0x7F, 0xB9, 0x81, 0xC4, 0x12,
    0x53, 0x7C, 0x80, 0x10, 0xEA, 0x62, 0x4C, 0x10, 0x15, 0xDF, 0x75, 0x2C,
    0xAC, 0x00, 0x35, 0x08, 0xE0, 0x72, 0xBD, 0x21, 0xF7, 0x00, 0x97, 0xC9,
    0x02, 0x4D, 0xD1, 0x42, 0xA8, 0x2A, 0xC7, 0xCA, 0xB2, 0xCB, 0x02, 0xC0,
    0x3C, 0x71, 0x0F, 0x2E, 0x48, 0x81, 0x65, 0xB1, 0x83, 0x52, 0x50, 0x69,
    0xCE, 0x3A, 0xF3, 0xAC, 0xB4, 0xD2, 0x21, 0x9F, 0x30, 0x73, 0xC0, 0x2F,
    0xCC, 0x6C, 0xAB, 0xD1, 0x80, 0x22, 0xDD, 0xE9, 0xCE, 0x4B, 0xBB, 0xFC,
    0x80, 0x00, 0x4D, 0x3F, 0xAD, 0x80, 0xBA, 0xD8, 0x0E, 0x5A, 0x01, 0x08,
    0x38, 0x5B, 0x2D, 0x69, 0xD6, 0x68, 0xF3, 0x0C, 0xF2, 0x06, 0x27, 0xD0,
    0x91, 0xC0, 0xC5, 0x83, 0x42, 0x01, 0x00, 0x01, 0x5E, 0x9A, 0xDD, 0x66,
    0xDA, 0x59, 0x6F, 0x1D, 0xF1, 0x06, 0x1B, 0xD4, 0xFF, 0xAB, 0x1C, 0xDC,
    0x59, 0x56, 0x90, 0xC0, 0xAC, 0x76, 0x9F, 0x8A, 0xF7, 0xE1, 0x1F, 0x1F,
    0x30, 0x06, 0x0A, 0x52, 0x48, 0x8D, 0x29, 0xDD, 0x85, 0x5F, 0xAD, 0xF4,
    0x03, 0x94, 0x57, 0x5E, 0xF9, 0xD2, 0x6C, 0x03, 0xB0, 0x83, 0x00, 0x4D,
    0x38, 0x9E, 0x25, 0x11, 0x1A, 0x10, 0x10, 0x69, 0xE4, 0x77, 0x6B, 0x4D,
    0x83, 0x07, 0xA8, 0xA7, 0xEE, 0x01, 0x0D, 0x5B, 0x2F, 0x8D, 0x02, 0x0A,
    0x1E, 0x98, 0x10, 0x36, 0x9A, 0x05, 0xD4, 0x4D, 0xFA, 0xDD, 0x5B, 0x3F,
    0xE0, 0xC3, 0x41, 0x2C, 0xCC, 0x71, 0xB9, 0xD6, 0x02, 0xAC, 0xE0, 0x39,
    0x8F, 0x1D, 0x5C, 0x50, 0xC0, 0xE8, 0xB7, 0xB7, 0x99, 0xC3, 0xF2, 0x03,
    0x20, 0x30, 0xC1, 0x01, 0x09, 0x24, 0x60, 0x42, 0x02, 0x4D, 0xF8, 0x80,
    0x3A, 0x0B, 0x0F, 0x64, 0x21, 0x00, 0x16, 0x1E, 0x94, 0xFC, 0x68, 0x03,
    0xB6, 0x27, 0x2F, 0x69, 0xF3, 0x00, 0x18, 0x7D, 0x90, 0x07, 0x94, 0x0B,
    0x80, 0xA9, 0x03, 0x15, 0x1C, 0x2F, 0x7E, 0xAC, 0x18, 0xA4, 0xA0, 0x18,
    0x02, 0x09, 0x98, 0x2F, 0x90, 0xB5, 0x26, 0x50, 0xB1, 0x83, 0x0F, 0x5A,
    0xC4, 0x4E, 0x34, 0x83, 0xE0, 0x7B, 0xDF, 0xA9, 0x48, 0x20, 0x81, 0xF9,
    0x95, 0x2F, 0x5F, 0x36, 0x2B, 0x00, 0x84, 0x04, 0x28, 0x29, 0x09, 0x60,
    0xA0, 0x80, 0x01, 0x58, 0x00, 0x02, 0x34, 0x50, 0xA0, 0x83, 0x98, 0x40,
    0x76, 0x98, 0xEA, 0x12, 0x03, 0x63, 0x05, 0x01, 0x08, 0x92, 0xAF, 0x48,
    0xC6, 0x3A, 0xC2, 0x01, 0x0E, 0xA0, 0xC0, 0x0D, 0xEA, 0x0A, 0x82, 0x89,
    0x91, 0xE0, 0x05, 0x2A, 0xD8, 0x2C, 0x53, 0x99, 0x70, 0x58, 0x43, 0x02,
    0x00, 0x08, 0x1F, 0x05, 0x82, 0x0E, 0xA0, 0xA6, 0x01, 0x38, 0x7C, 0x21,
    0xB7, 0x24, 0x48, 0xB2, 0x15, 0x98, 0xA0, 0x55, 0x2E, 0xD4, 0xA1, 0xB2,
    0xFF, 0x62, 0x38, 0xA8, 0x08, 0x68, 0xC6, 0x02, 0x38, 0x5C, 0xA0, 0x10,
    0x95, 0xB5, 0x80, 0x37, 0x6C, 0x81, 0x0D, 0x34, 0x58, 0x81, 0x19, 0x56,
    0xB0, 0x03, 0x25, 0xCD, 0x20, 0x7C, 0x4B, 0x1C, 0x96, 0x00, 0x1E, 0x00,
    0x83, 0x27, 0xA8, 0x28, 0x01, 0xA7, 0xE1, 0x4C, 0x09, 0xB3, 0xE8, 0xB0,
    0x2D, 0xA2, 0xC0, 0x09, 0x4E, 0x30, 0x02, 0x0D, 0x86, 0x67, 0x19, 0x03,
    0x6C, 0xA0, 0x53, 0xB4, 0x89, 0x63, 0x1C, 0xBF, 0x14, 0x1E, 0xA4, 0x6D,
    0xA0, 0x06, 0x95, 0x83, 0x81, 0xFA, 0xFE, 0xC7, 0x95, 0x2D, 0x89, 0x51,
    0x89, 0x5F, 0x5A, 0x80, 0x71, 0x06, 0x49, 0x48, 0xE0, 0x20, 0x4F, 0x35,
    0x29, 0x90, 0x80, 0x04, 0x8C, 0x63, 0xB5, 0x0D, 0xB4, 0xEE, 0x01, 0x6D,
    0x60, 0x01, 0x1F, 0xB9, 0x32, 0x20, 0x02, 0xA8, 0x81, 0x03, 0x1C, 0xC0,
    0xA2, 0x6A, 0xE4, 0x08, 0xA0, 0x06, 0x38, 0x64, 0x01, 0x1B, 0xD0, 0x64,
    0x62, 0x24, 0xC0, 0x80, 0x12, 0x5C, 0x28, 0x36, 0xB2, 0x41, 0x95, 0x28,
    0xDB, 0xE3, 0xC8, 0x2D, 0xC2, 0x00, 0x05, 0xA3, 0x3A, 0x0B, 0x64, 0x7E,
    0x63, 0x1C, 0xE8, 0x48, 0xA8, 0x90, 0xC0, 0x41, 0xC0, 0x01, 0x4E, 0x33,
    0xC2, 0x5E, 0xFA, 0xD2, 0x86, 0xC6, 0x39, 0x64, 0x00, 0x24, 0x40, 0x02,
    0x08, 0x84, 0x01, 0x35, 0x84, 0x44, 0x61, 0x7B, 0x04, 0x49, 0x00, 0x5B,
    0x3E, 0x29, 0x07, 0x66, 0x24, 0x03, 0x0B, 0x5C, 0x30, 0xBB, 0xDD, 0xE0,
    0x40, 0x8E, 0xE1, 0xE1, 0x80, 0x5E, 0x32, 0xF2, 0xA1, 0xF6, 0x90, 0x12,
    0x02, 0x0C, 0x38, 0x48, 0x09, 0xDC, 0x24, 0x10, 0xF0, 0xA4, 0x32, 0x46,
    0x29, 0xD8, 0x40, 0x17, 0x3B, 0xF4, 0x97, 0xD0, 0xA0, 0xC6, 0x33, 0xF0,
    0x34, 0xC0, 0x01, 0x34, 0xE3, 0xCB, 0xE4, 0x38, 0xA4, 0x02, 0xA7, 0x41,
    0x80, 0xFB, 0xB0, 0xF3, 0xFF, 0x4D, 0x53, 0x02, 0x00, 0x2C, 0x07, 0xB8,
    0x81, 0x15, 0x4A, 0xA0, 0x4C, 0xEC, 0x34, 0x60, 0x9E, 0x6B, 0x61, 0xCB,
    0x93, 0xE2, 0x60, 0x04, 0x16, 0xAC, 0x40, 0x08, 0x34, 0xAB, 0x48, 0xED,
    0xF8, 0xC9, 0x00, 0x70, 0x8A, 0x93, 0x01, 0x05, 0x55, 0x8D, 0x27, 0x95,
    0x23, 0x90, 0x64, 0x9D, 0x53, 0x48, 0x7E, 0xBA, 0x53, 0x04, 0x06, 0x43,
    0x52, 0xB0, 0x00, 0x6E, 0x22, 0x1D, 0x50, 0xC1, 0x8B, 0xD8, 0x83, 0x01,
    0x08, 0x20, 0xC1, 0x20, 0x40, 0x80, 0x40, 0x07, 0x13, 0x05, 0x80, 0x0B,
    0x50, 0xC9, 0x01, 0x1D, 0x68, 0x8B, 0x8C, 0xEA, 0x60, 0x83, 0x88, 0x56,
    0xA4, 0x02, 0x00, 0x98, 0x28, 0x76, 0xFC, 0x59, 0x90, 0x8A, 0x62, 0x74,
    0x52, 0x0B, 0xA8, 0xE9, 0x41, 0x82, 0x28, 0x1E, 0xF7, 0xD8, 0xC8, 0xA7,
    0x14, 0xA1, 0xC0, 0x0D, 0xBC, 0xD0, 0x9E, 0x2A, 0x88, 0x89, 0x20, 0x23,
    0x28, 0x03, 0x06, 0xE2, 0xB7, 0x4C, 0x02, 0x88, 0x00, 0x4B, 0x37, 0x70,
    0x40, 0x42, 0x87, 0xB3, 0x80, 0x7D, 0xFA, 0x09, 0xA8, 0x50, 0x95, 0x88,
    0xD1, 0x86, 0x90, 0xD1, 0x14, 0x8A, 0x33, 0x42, 0x67, 0x55, 0x48, 0x10,
    0xC9, 0x57, 0x3B, 0x4A, 0xA1, 0x35, 0xAD, 0x0F, 0x89, 0x40, 0x06, 0x8A,
    0x10, 0x82, 0xB6, 0x46, 0xD0, 0x7E, 0x23, 0xC8, 0x00, 0x10, 0x30, 0xE0,
    0x26, 0x0A, 0xDC, 0xB5, 0x20, 0x47, 0x70, 0xC0, 0x18, 0x13, 0x53, 0x00,
    0x34, 0x88, 0x4E, 0x82, 0x11, 0x60, 0x21, 0x5E, 0x1B, 0x22, 0xA6, 0x1F,
    0xCC, 0x14, 0x3B, 0x49, 0x2D, 0x6A, 0x84, 0x06, 0xE0, 0xC9, 0xC3, 0x22,
    0x44, 0x83, 0x89, 0xD9, 0x8E, 0x7A, 0x64, 0x38, 0xD9, 0xBC, 0xEA, 0xA0,
    0x08, 0x4C, 0x80, 0x00, 0x61, 0xD9, 0xC3, 0x1D, 0x00, 0x2C, 0x01, 0x08,
    0x62, 0x58, 0xAD, 0x7F, 0x04, 0x19, 0x59, 0x85, 0xFF, 0xDC, 0x80, 0x84,
    0x10, 0x1A, 0x52, 0x7A, 0x56, 0x58, 0x5A, 0x87, 0x18, 0x2D, 0x04, 0x18,
    0x60, 0xC0, 0x51, 0xD9, 0x93, 0x96, 0x08, 0x54, 0x74, 0xB3, 0x7E, 0x9A,
    0x21, 0x43, 0x02, 0xC8, 0x01, 0x12, 0xF5, 0x16, 0x22, 0xBF, 0x05, 0x27,
    0x03, 0x64, 0xAB, 0x9A, 0x05, 0x54, 0x60, 0x09, 0x70, 0x98, 0x6E, 0x84,
    0x04, 0x59, 0x01, 0xC9, 0x26, 0xC4, 0x86, 0x0A, 0xC4, 0x21, 0x02, 0x82,
    0xA0, 0xA0, 0xE7, 0x36, 0x24, 0xBA, 0x0C, 0x20, 0x81, 0x76, 0xC9, 0x2A,
    0x43, 0x99, 0x22, 0x97, 0xB4, 0xE6, 0x1D, 0x09, 0x05, 0x44, 0x10, 0x02,
    0x70, 0xAA, 0xD7, 0xAF, 0x06, 0x90, 0xC1, 0x7A, 0xFF, 0x43, 0x80, 0xEE,
    0x42, 0xE4, 0x02, 0x2D, 0xA8, 0x80, 0x0B, 0x26, 0x19, 0xDF, 0x03, 0x0E,
    0xC1, 0xBE, 0xC3, 0xC5, 0x8E, 0x1C, 0x18, 0xF0, 0x5E, 0xCF, 0x16, 0xD8,
    0x23, 0x17, 0x40, 0x2D, 0x82, 0xA9, 0xAB, 0x9A, 0x2E, 0x50, 0x98, 0x3D,
    0x04, 0xB8, 0x00, 0x47, 0x1F, 0xFC, 0x11, 0xEF, 0x00, 0x57, 0xB8, 0xE9,
    0x4D, 0x70, 0x9B, 0x46, 0xF4, 0x54, 0x0E, 0x83, 0xC4, 0xC3, 0xD2, 0x35,
    0x6A, 0x15, 0x24, 0x25, 0xC8, 0x7D, 0x99, 0xF8, 0xC4, 0x00, 0xA8, 0x2F,
    0x88, 0x31, 0xF0, 0x83, 0xA3, 0x3D, 0x89, 0x88, 0x2F, 0x0E, 0x09, 0x8A,
    0x19, 0xB0, 0x06, 0x06, 0x7C, 0xE1, 0x07, 0x3A, 0x28, 0x1B, 0x22, 0x03,
    0x20, 0xBF, 0xEA, 0x4E, 0x50, 0xB9, 0x39, 0xE6, 0x88, 0x87, 0x83, 0x8B,
    0x81, 0x33, 0x00, 0x20, 0x0D, 0x06, 0xC2, 0x22, 0x04, 0x8A, 0x49, 0x02,
    0xC5, 0x90, 0x2F, 0xC9, 0x22, 0xF1, 0xCE, 0x81, 0x4B, 0xE0, 0x52, 0x11,
    0x70, 0xC1, 0xC6, 0xC3, 0x49, 0x71, 0x01, 0x61, 0x44, 0x3F, 0xFB, 0x61,
    0xD9, 0x24, 0x54, 0x63, 0x4F, 0x12, 0xCE, 0x2C, 0x93, 0x34, 0x93, 0x75,
    0x27, 0x06, 0x00, 0xB0, 0x10, 0x00, 0xD8, 0xC5, 0xE6, 0x93, 0xB8, 0x79,
    0x32, 0x2E, 0xA8, 0x73, 0x9B, 0xC1, 0x1C, 0xC1, 0x3C, 0xEB, 0xB9, 0x47,
    0x11, 0x38, 0x90, 0x75, 0x89, 0xE0, 0xE0, 0x3F, 0xB3, 0x44, 0x39, 0x82,
    0xD6, 0x4F, 0x40, 0x00, 0x00, 0x21, 0xF9, 0x04, 0x09, 0x04, 0x00, 0x00,
    0x00, 0x2C, 0x00, 0x00, 0x00, 0x00, 0xD7, 0x00, 0x6E, 0x00, 0x86, 0x00,
    0x00, 0x00, 0x54, 0x85, 0xA7, 0x9B, 0xAB, 0xA9, 0x53, 0x84, 0xA6, 0x5B,
    0x91, 0xB6, 0x3A, 0x60, 0x7E, 0x7F, 0x7F, 0x7F, 0x7B, 0x92, 0x9D, 0x54,
    0x85, 0xA8, 0x54, 0x85, 0xA7, 0x53, 0x85, 0xA7, 0x66, 0x99, 0xCC, 0x3B,
    0x61, 0x81, 0x54, 0x86, 0xA8, 0x39, 0x5D, 0x7C, 0x68, 0x98, 0x99, 0x53,
    0x85, 0xA7, 0x3F, 0x7F, 0xBF, 0x4C, 0x7A, 0x9B, 0xFF, 0xFF, 0xFF, 0x00,
    0xFF, 0xFF, 0x55, 0xAA, 0xAA, 0x43, 0x6C, 0x8C, 0x6B, 0x96, 0xB0, 0x55,
    0x55, 0xAA, 0xA4, 0xB4, 0xAF, 0x00, 0x00, 0xFF, 0x61, 0x9A, 0xC2, 0x54,
    0x86, 0xA8, 0x53, 0x7E, 0xA9, 0x7F, 0x7F, 0xFF, 0x35, 0x64, 0x73, 0x83,
    0x9B, 0xA4, 0x96, 0xA7, 0xA8, 0x33, 0x65, 0x97, 0x00, 0x7F, 0x7F, 0x9A,
    0xB1, 0xA8, 0x78, 0x8C, 0x9B, 0x4A, 0x91, 0xB3, 0x78, 0x92, 0xA5, 0x3F,
    0x7F, 0x7F, 0x31, 0x5B, 0x77, 0x51, 0x7C, 0x99, 0x33, 0x66, 0xCC, 0xA4,
    0xA9, 0xA9, 0x4F, 0x7F, 0xA1, 0x54, 0x88, 0x9A, 0x7B, 0x92, 0x9C, 0x9C,
    0xAB, 0xA9, 0x55, 0x55, 0x55, 0x9C, 0xAC, 0xA8, 0x9C, 0xAD, 0xA8, 0xB6,
    0xC8, 0xC3, 0x3A, 0x5E, 0x7E, 0x55, 0x7F, 0x7F, 0x9B, 0x9B, 0x9B, 0xAE,
    0xB9, 0xB6, 0x39, 0x5D, 0x7C, 0xA1, 0xAE, 0xA8, 0x3A, 0x60, 0x7E, 0x3B,
    0x62, 0x81, 0x3B, 0x61, 0x81, 0x52, 0x7F, 0xA4, 0x9C, 0xAB, 0xA8, 0x99,
    0xCC, 0xCC, 0x86, 0x98, 0xA5, 0x38, 0x5A, 0x79, 0x3F, 0x7F, 0x9F, 0x55,
    0x55, 0x7F, 0x67, 0xA3, 0xCD, 0xA9, 0xB8, 0xB2, 0x3C, 0x61, 0x82, 0x7A,
    0x91, 0x9D, 0x7C, 0x92, 0x9D, 0x78, 0x90, 0x9B, 0x61, 0x8C, 0xA7, 0x55,
    0xAA, 0xFF, 0x7F, 0x7F, 0xBF, 0xA5, 0xB6, 0xB2, 0x62, 0x8B, 0xA6, 0xA1,
    0xB1, 0xAC, 0x67, 0x8E, 0xA7, 0x55, 0xAA, 0xD4, 0x5A, 0x90, 0xB5, 0x7F,
    0x9A, 0xA7, 0x47, 0x70, 0x91, 0x78, 0x98, 0xA8, 0x48, 0x6D, 0x91, 0x44,
    0x62, 0x7F, 0x7F, 0xBF, 0x7F, 0x33, 0x99, 0x99, 0x7F, 0xFF, 0xFF, 0x86,
    0x9A, 0xA7, 0x9C, 0xAC, 0xA8, 0x99, 0xCC, 0x99, 0x3A, 0x60, 0x7E, 0x3C,
    0x60, 0x7F, 0xA1, 0xAF, 0xA8, 0x3A, 0x60, 0x7F, 0x3B, 0x60, 0x7F, 0x2A,
    0x55, 0xAA, 0xAA, 0xAA, 0xFF, 0xA1, 0xB0, 0xAC, 0x78, 0x8E, 0x9D, 0x3B,
    0x5F, 0x7E, 0x3B, 0x5E, 0x7F, 0x3F, 0x3F, 0x7F, 0x00, 0xFF, 0x00, 0x00,
    0x00, 0x00, 0x00, 0x00, 0x00, 0x00, 0x00, 0x00, 0x00, 0x00, 0x00, 0x00,
    0x00, 0x00, 0x00, 0x00, 0x00, 0x00, 0x00, 0x00, 0x00, 0x00, 0x00, 0x00,
    0x00, 0x00, 0x00, 0x00, 0x00, 0x00, 0x00, 0x00, 0x00, 0x00, 0x00, 0x00,
    0x00, 0x00, 0x00, 0x00, 0x00, 0x00, 0x00, 0x00, 0x00, 0x00, 0x00, 0x00,
    0x00, 0x00, 0x00, 0x00, 0x00, 0x00, 0x00, 0x00, 0x00, 0x00, 0x00, 0x08,
    0xFF, 0x00, 0x01, 0x08, 0x1C, 0x48, 0xB0, 0xA0, 0xC1, 0x83, 0x08, 0x13,
    0x2A, 0x5C, 0xC8, 0xB0, 0xA1, 0xC3, 0x87, 0x10, 0x23, 0x4A, 0x9C, 0x48,
    0xB1, 0xA2, 0xC5, 0x8B, 0x18, 0x33, 0x6A, 0xDC, 0xC8, 0xB1, 0xA3, 0xC7,
    0x8F, 0x20, 0x43, 0x8A, 0x1C, 0x49, 0xB2, 0xA4, 0xC9, 0x93, 0x28, 0x53,
    0xAA, 0x5C, 0xC9, 0xB2, 0xA5, 0xCB, 0x97, 0x30, 0x63, 0xCA, 0x9C, 0x49,
    0xB3, 0xA6, 0xCD, 0x9B, 0x38, 0x73, 0xEA, 0xDC, 0xC9, 0xB3, 0xA7, 0xCF,
    0x9F, 0x40, 0x83, 0x0A, 0x1D, 0x4A, 0xB4, 0xA8, 0xD1, 0xA3, 0x48, 0x93,
    0x2A, 0x5D, 0xCA, 0xB4, 0xA9, 0xD3, 0xA7, 0x50, 0xA3, 0x4A, 0x9D, 0x4A,
    0xB5, 0xAA, 0xD5, 0xAB, 0x58, 0xB3, 0x0A, 0x7C, 0xC0, 0xF5, 0x81, 0x06,
    0xAD, 0x60, 0xC3, 0x8A, 0xC5, 0x49, 0x01, 0x80, 0x8A, 0x01, 0x0D, 0xD2,
    0x76, 0x00, 0x30, 0x61, 0xAC, 0x5B, 0x88, 0x65, 0x35, 0x04, 0x20, 0x30,
    0x37, 0x01, 0x00, 0x03, 0x6F, 0x9D, 0x1A, 0x58, 0xF0, 0x60, 0x81, 0xDF,
    0xBF, 0x80, 0xCB, 0x3E, 0x2C, 0x7B, 0x36, 0x80, 0xE1, 0x00, 0x76, 0xF1,
    0xE6, 0x5D, 0x8C, 0x70, 0x04, 0x00, 0x17, 0x87, 0xEB, 0xDE, 0x65, 0x8C,
    0xD4, 0xC3, 0x90, 0x07, 0x09, 0x06, 0x68, 0xDE, 0xCC, 0x59, 0x33, 0x87,
    0x07, 0x52, 0x14, 0x2B, 0xA4, 0x60, 0x62, 0x01, 0x87, 0xC8, 0x03, 0x54,
    0xB4, 0xA5, 0xAC, 0x14, 0xC2, 0x86, 0xB9, 0x04, 0x62, 0xCB, 0x96, 0xED,
    0x43, 0xA2, 0x8D, 0xC8, 0x25, 0x26, 0xB3, 0x26, 0x2A, 0x62, 0x41, 0x66,
    0xB4, 0x91, 0x83, 0x1F, 0xDE, 0x9C, 0x60, 0x41, 0x05, 0x84, 0x1A, 0x28,
    0x70, 0xD8, 0x1C, 0x39, 0x81, 0x06, 0xD1, 0xBB, 0x87, 0x2A, 0x78, 0x2D,
    0xBC, 0xBA, 0xE1, 0x0D, 0x10, 0x14, 0xAA, 0x01, 0xE0, 0x43, 0x76, 0x73,
    0xDD, 0xD1, 0x7F, 0x6A, 0xFF, 0x59, 0x00, 0x41, 0x41, 0x03, 0xEB, 0xE8,
    0x03, 0x0C, 0x50, 0x90, 0xC0, 0x80, 0x63, 0x82, 0x1A, 0x34, 0x2C, 0xAF,
    0x9E, 0x38, 0xBC, 0xD0, 0x01, 0xD4, 0xD3, 0x5B, 0xC7, 0x0E, 0x60, 0x45,
    0x41, 0x0C, 0x00, 0x40, 0x40, 0x97, 0x70, 0xF5, 0xD9, 0xC7, 0xD3, 0x08,
    0x15, 0x94, 0x77, 0x9E, 0x7E, 0xE9, 0x35, 0x90, 0x40, 0x04, 0xEF, 0x09,
    0x04, 0x60, 0x02, 0xD6, 0x15, 0x68, 0xA0, 0x4E, 0xFE, 0xE1, 0xC7, 0xA0,
    0x7E, 0x17, 0x28, 0xD0, 0x1F, 0x41, 0x13, 0x56, 0x08, 0xDE, 0x85, 0x37,
    0x89, 0x60, 0x02, 0x04, 0x0B, 0x6E, 0xD8, 0x60, 0x02, 0x22, 0x44, 0x18,
    0x01, 0x66, 0x22, 0x42, 0x47, 0xE2, 0x4D, 0x0D, 0x0C, 0xA8, 0x22, 0x7A,
    0x1D, 0x7E, 0x48, 0x10, 0x85, 0xF4, 0x8D, 0x38, 0xA3, 0x4C, 0x14, 0x24,
    0x08, 0x01, 0x02, 0x37, 0x32, 0xE8, 0xA0, 0x08, 0x14, 0x24, 0x99, 0x00,
    0x04, 0x03, 0xC4, 0xF8, 0x63, 0x4D, 0xC7, 0x21, 0x90, 0x5F, 0x91, 0x38,
    0x7A, 0x28, 0xC2, 0x07, 0x01, 0x4E, 0x19, 0x9C, 0x0B, 0x3E, 0x3E, 0xE9,
    0x92, 0x06, 0x98, 0x11, 0x49, 0xA5, 0x91, 0x2C, 0xC6, 0x30, 0x1F, 0x7A,
    0x0A, 0xB8, 0xB0, 0x9A, 0x97, 0x30, 0x79, 0x00, 0x00, 0x02, 0x36, 0x8E,
    0x89, 0x1E, 0x01, 0x03, 0x08, 0x24, 0x60, 0x7A, 0x04, 0x58, 0xC8, 0x66,
    0x4B, 0x4D, 0x24, 0x20, 0xA6, 0x9C, 0xFA, 0x39, 0x68, 0x00, 0x04, 0x0C,
    0xEA, 0xB9, 0xA7, 0x4A, 0x78, 0xFD, 0x09, 0x28, 0x9E, 0x75, 0x12, 0xAA,
    0x9F, 0xA1, 0x87, 0xA2, 0x64, 0x80, 0x9F, 0x8B, 0x6E, 0xE8, 0xA0, 0xA3,
    0xE9, 0x41, 0x1A, 0xE9, 0x49, 0x8A, 0x56, 0x3A, 0xE7, 0x00, 0x09, 0xC4,
    0x59, 0x1D, 0x97, 0x32, 0x6E, 0x5A, 0x52, 0x0C, 0x94, 0x7A, 0x6A, 0xA4,
    0x02, 0x0C, 0x42, 0xD0, 0x41, 0xA9, 0xA6, 0x92, 0xFF, 0xA4, 0xEA, 0xAC,
    0xDF, 0xB9, 0x19, 0x6B, 0x49, 0x1E, 0xA4, 0x4A, 0xAB, 0xAA, 0x76, 0x95,
    0x61, 0xC0, 0xAF, 0xB7, 0x8E, 0xB4, 0xEB, 0xAE, 0x76, 0x05, 0x3B, 0x12,
    0x82, 0x3C, 0x0E, 0xCB, 0xAB, 0x01, 0x27, 0x50, 0xA1, 0x04, 0x17, 0x0F,
    0xFC, 0x3A, 0x81, 0x01, 0x82, 0x19, 0x7B, 0x51, 0x0C, 0xCA, 0xD2, 0x6A,
    0xD7, 0x0B, 0x02, 0x1C, 0x20, 0x40, 0x12, 0xD6, 0x6E, 0x14, 0x01, 0x07,
    0xC9, 0x66, 0x5B, 0xE9, 0x13, 0x27, 0xBC, 0x00, 0xC2, 0x01, 0x20, 0x24,
    0x71, 0xC2, 0x19, 0x0F, 0x84, 0x70, 0xC2, 0xB4, 0x13, 0x54, 0x2B, 0x90,
    0xBD, 0xE1, 0x16, 0x54, 0xD6, 0x69, 0xE6, 0xCE, 0x7A, 0xC1, 0xBA, 0x07,
    0x04, 0x7C, 0xC0, 0x05, 0x17, 0x78, 0x8B, 0x44, 0xBE, 0x12, 0x05, 0x59,
    0x6E, 0xBF, 0x8B, 0x0A, 0xEC, 0xB0, 0xC0, 0x20, 0x20, 0xF1, 0xC0, 0x09,
    0x41, 0xE4, 0x96, 0xA4, 0x06, 0x18, 0x94, 0x00, 0x6B, 0xB8, 0x78, 0xF1,
    0xCB, 0xB0, 0xA7, 0x01, 0x0B, 0x20, 0xB2, 0x00, 0x00, 0x3F, 0x0C, 0xC2,
    0x0B, 0x04, 0x95, 0x70, 0xC0, 0x03, 0x6C, 0x21, 0x3C, 0x90, 0x01, 0x18,
    0x2C, 0xFC, 0xB1, 0x9C, 0x05, 0x8F, 0x4C, 0xF2, 0xC3, 0x01, 0x9F, 0x5C,
    0x42, 0x09, 0x15, 0x2B, 0xF1, 0x42, 0x6E, 0x6B, 0xE6, 0x8B, 0x97, 0x0F,
    0x33, 0x7B, 0x6A, 0xF3, 0xD1, 0x36, 0xE3, 0x2C, 0xF0, 0x09, 0x00, 0xE0,
    0xCB, 0xF1, 0xA4, 0x45, 0x57, 0x2A, 0x80, 0x0E, 0x48, 0x1F, 0xAD, 0x74,
    0xC1, 0x21, 0xAC, 0xE1, 0xB4, 0xB1, 0x6E, 0xCA, 0x1C, 0xF5, 0x8D, 0x55,
    0x87, 0x3D, 0x32, 0xBB, 0x2B, 0x87, 0x20, 0x03, 0x0B, 0x2D, 0x23, 0xEC,
    0x01, 0x05, 0x5E, 0x7F, 0xBD, 0xA1, 0xD8, 0x62, 0x93, 0x3D, 0x01, 0x0B,
    0x02, 0x90, 0x90, 0x76, 0xB8, 0x21, 0xBA, 0x2D, 0x27, 0xDC, 0x7C, 0x8B,
    0xFF, 0x4C, 0xC2, 0x04, 0x41, 0x5B, 0x9B, 0xB7, 0xDE, 0x54, 0xF6, 0x2D,
    0x76, 0x06, 0x02, 0xA0, 0x1D, 0xF8, 0xAD, 0xC7, 0x61, 0x4A, 0x78, 0xE1,
    0x23, 0x67, 0x00, 0x03, 0x09, 0x21, 0x90, 0x60, 0x39, 0xE5, 0x24, 0xFC,
    0x80, 0xB8, 0xC8, 0x88, 0x87, 0x10, 0x42, 0x0C, 0x2E, 0x37, 0x2E, 0xEA,
    0xE3, 0x6F, 0x47, 0x6E, 0x06, 0x42, 0x30, 0x20, 0xAE, 0xBA, 0x00, 0x2E,
    0x0B, 0x54, 0x01, 0x05, 0x8E, 0x93, 0x5E, 0xE4, 0xD4, 0x17, 0x18, 0x06,
    0xC1, 0x04, 0x0F, 0x00, 0x4E, 0x2F, 0x0B, 0x38, 0x84, 0xC0, 0x42, 0x08,
    0xBD, 0x03, 0xEE, 0x32, 0x0A, 0x01, 0x8E, 0x2E, 0x3B, 0x83, 0x02, 0x64,
    0xB0, 0xC4, 0x5C, 0xD9, 0x11, 0xDF, 0xFA, 0x42, 0x22, 0x24, 0x78, 0x3C,
    0xA0, 0xCB, 0xDB, 0x4E, 0x81, 0xF3, 0x04, 0x19, 0x40, 0xAF, 0xF6, 0xCF,
    0x17, 0x3F, 0x7D, 0xA5, 0xCD, 0x77, 0x8F, 0x50, 0x05, 0x83, 0x22, 0xD0,
    0xE9, 0xF7, 0x0C, 0x5A, 0x20, 0x41, 0x64, 0x10, 0x18, 0x70, 0x9C, 0xF8,
    0x05, 0x45, 0x00, 0x80, 0x02, 0xC6, 0xA3, 0x9F, 0x1E, 0x03, 0xEB, 0x1B,
    0x46, 0x40, 0x76, 0xF2, 0xC3, 0x3F, 0x10, 0x5F, 0xAC, 0xB2, 0x1F, 0x95,
    0x5A, 0xA0, 0xBE, 0xC3, 0x20, 0x00, 0x02, 0x18, 0x78, 0x9F, 0xFF, 0x04,
    0x42, 0x3F, 0x01, 0x52, 0x09, 0x7F, 0x87, 0x21, 0x80, 0x87, 0xFA, 0x27,
    0xBE, 0x0E, 0x34, 0xC1, 0x3C, 0xE7, 0x73, 0xA0, 0x7E, 0xF2, 0x67, 0x40,
    0x08, 0x2C, 0x80, 0x04, 0x38, 0x40, 0x9B, 0xF8, 0x34, 0xA4, 0xC1, 0x4A,
    0x49, 0x10, 0x7E, 0x1D, 0x78, 0x00, 0x06, 0x4B, 0xA8, 0x2A, 0x04, 0x58,
    0x21, 0x0C, 0x4E, 0xF8, 0xC1, 0x0D, 0x66, 0x98, 0x05, 0x84, 0x35, 0xA0,
    0x76, 0x2C, 0x54, 0x55, 0xF2, 0x68, 0x30, 0x83, 0x7C, 0x45, 0xC0, 0x04,
    0x0F, 0x40, 0x4B, 0x06, 0xFF, 0x73, 0x28, 0x27, 0x10, 0x64, 0x40, 0x06,
    0x33, 0x98, 0x81, 0x13, 0xBA, 0x70, 0xB7, 0x58, 0x21, 0x00, 0x87, 0x44,
    0x54, 0xD5, 0x05, 0x74, 0x90, 0x81, 0x2A, 0xD2, 0x80, 0x75, 0x1B, 0x23,
    0xD1, 0x03, 0x52, 0x88, 0x96, 0x14, 0x45, 0x51, 0x8A, 0x9B, 0xCB, 0x00,
    0x14, 0x60, 0x90, 0xC5, 0x27, 0xC1, 0x69, 0x7A, 0xB3, 0x99, 0xD9, 0x05,
    0x54, 0x47, 0x03, 0x19, 0x74, 0xC9, 0x40, 0x1A, 0x58, 0x40, 0x07, 0xE4,
    0xC8, 0x1C, 0xD2, 0x59, 0x40, 0x7D, 0x16, 0x50, 0x80, 0x1E, 0x15, 0x30,
    0xC4, 0x5D, 0x25, 0x4F, 0x06, 0x46, 0x20, 0xE3, 0xE2, 0x9E, 0x34, 0x97,
    0xE3, 0x39, 0xE0, 0x90, 0x0E, 0x20, 0xC8, 0x13, 0x19, 0xD6, 0x82, 0x0B,
    0xF0, 0xF0, 0x47, 0x7B, 0xE9, 0xCB, 0x1C, 0x97, 0x53, 0xC7, 0xC7, 0xB5,
    0x40, 0x02, 0x16, 0x28, 0x40, 0x01, 0x18, 0x50, 0x00, 0x2C, 0x6C, 0xF1,
    0x01, 0xE5, 0xA9, 0x82, 0x7E, 0x10, 0xD0, 0x24, 0x39, 0x45, 0x21, 0x90,
    0x5E, 0x00, 0xC2, 0x9E, 0x54, 0x90, 0x46, 0x13, 0xCE, 0x26, 0x36, 0x2A,
    0x92, 0xC0, 0x21, 0x35, 0xC9, 0x80, 0x44, 0x02, 0xE0, 0x2B, 0x02, 0x11,
    0x02, 0xA3, 0x4C, 0xB0, 0x01, 0xEF, 0xA8, 0x88, 0x4E, 0x3F, 0x72, 0x4C,
    0x02, 0xF4, 0xC8, 0x99, 0x5D, 0xED, 0xF1, 0x98, 0x7D, 0x8C, 0x4C, 0x26,
    0x39, 0xB9, 0xC9, 0x02, 0xD4, 0x00, 0x4B, 0x44, 0x50, 0xC1, 0x11, 0x18,
    0x60, 0x81, 0x16, 0xA0, 0x87, 0x94, 0x7B, 0x2C, 0xA5, 0x8A, 0x06, 0x00,
    0x04, 0xA6, 0x5D, 0xC8, 0x3F, 0x0A, 0x28, 0xC2, 0x06, 0x7A, 0x59, 0xBF,
    0x39, 0xBD, 0x32, 0x8D, 0x07, 0x59, 0x64, 0x7A, 0x64, 0xA9, 0xC9, 0x76,
    0x32, 0x80, 0x01, 0x58, 0x12, 0xC8, 0x17, 0x2C, 0xE0, 0x00, 0x0E, 0x0A,
    0x87, 0x00, 0x08, 0x18, 0x08, 0x64, 0x60, 0x69, 0xFF, 0x1D, 0x1B, 0xD5,
    0x89, 0x82, 0xF6, 0x11, 0xE6, 0x7A, 0xB4, 0x79, 0xA3, 0x06, 0x74, 0xA6,
    0x33, 0x0A, 0x00, 0xA2, 0x0D, 0xB8, 0x92, 0x42, 0x05, 0x0C, 0x20, 0x99,
    0xEC, 0x6C, 0xE7, 0x26, 0x1D, 0x70, 0x25, 0x34, 0x1C, 0x21, 0x07, 0x9C,
    0xAC, 0xE6, 0x35, 0x17, 0xA0, 0x82, 0x07, 0x50, 0x92, 0xA0, 0x91, 0x31,
    0xA8, 0x98, 0xFE, 0xC9, 0xA6, 0x04, 0xD4, 0xEE, 0x9C, 0x28, 0xA5, 0xCB,
    0x06, 0x3C, 0x34, 0x91, 0x33, 0x5A, 0x27, 0xA2, 0xEE, 0x84, 0x27, 0x00,
    0x1C, 0x60, 0x01, 0x4E, 0xD6, 0xD2, 0x9E, 0xC1, 0xC9, 0xA7, 0x8C, 0x0A,
    0x19, 0x99, 0xFD, 0x01, 0x60, 0x00, 0xB1, 0x69, 0x00, 0x00, 0x00, 0x6A,
    0x20, 0x03, 0x00, 0xF1, 0x37, 0x07, 0x4D, 0xEA, 0x66, 0x3C, 0x38, 0x04,
    0xC0, 0x00, 0x86, 0x65, 0x06, 0xE9, 0x80, 0x09, 0xF8, 0x98, 0x1E, 0x7A,
    0xBA, 0xB3, 0x00, 0x3B, 0xF8, 0x80, 0x18, 0xDE, 0xE9, 0x00, 0x4D, 0xD2,
    0xF4, 0x9A, 0xBA, 0xB1, 0x81, 0x69, 0x2A, 0x69, 0x98, 0x06, 0x4C, 0x81,
    0x8F, 0x07, 0x1C, 0x81, 0xAD, 0x16, 0x08, 0x11, 0x2C, 0xD5, 0x08, 0x3D,
    0x2D, 0xE8, 0x2A, 0x2D, 0x19, 0x20, 0x90, 0x89, 0xBA, 0xB3, 0x9E, 0xD6,
    0xD1, 0x29, 0x42, 0xD4, 0x69, 0x98, 0x22, 0x28, 0x48, 0x47, 0x5E, 0xA2,
    0x00, 0x5F, 0x9C, 0x4A, 0xD8, 0xBF, 0xF4, 0x05, 0x40, 0x12, 0xD9, 0x0B,
    0x55, 0x5F, 0x2A, 0xD7, 0x4D, 0x66, 0x35, 0x0D, 0x5C, 0x9D, 0x2B, 0x5E,
    0xAB, 0xA3, 0x57, 0x82, 0x6C, 0x71, 0x01, 0x0E, 0x7D, 0xA8, 0xFE, 0x14,
    0x50, 0x9E, 0x0A, 0xAC, 0x95, 0xAD, 0x10, 0x91, 0x1F, 0x48, 0x23, 0x13,
    0x51, 0x7A, 0x0A, 0xC4, 0x01, 0xB5, 0x6C, 0x27, 0x22, 0x71, 0x6A, 0xC0,
    0x37, 0x12, 0xA4, 0x01, 0xAF, 0xD9, 0x40, 0x9D, 0x40, 0x5B, 0x91, 0x08,
    0xFF, 0xA0, 0xC0, 0x8B, 0xC1, 0x91, 0x25, 0x27, 0x7B, 0xF0, 0xCC, 0x31,
    0x44, 0xB6, 0x00, 0x34, 0xBD, 0x23, 0x6B, 0x0D, 0xA3, 0x00, 0x0D, 0x0C,
    0x72, 0xA8, 0x40, 0x34, 0x0F, 0x5A, 0x10, 0xB8, 0x16, 0xDA, 0x4A, 0x44,
    0x7E, 0x6F, 0xAD, 0x8E, 0x2C, 0x33, 0x29, 0x90, 0x14, 0xBC, 0xF3, 0xAE,
    0xC3, 0x3D, 0x8C, 0x50, 0x11, 0xEB, 0xDC, 0x91, 0x60, 0x80, 0x02, 0x8B,
    0x15, 0x8E, 0x2C, 0x7B, 0xB0, 0x03, 0x32, 0x7C, 0xE0, 0x03, 0xD7, 0xA5,
    0xE5, 0x64, 0xAD, 0xD3, 0x80, 0x08, 0x70, 0x37, 0x21, 0x28, 0x18, 0xEC,
    0x67, 0xBB, 0x1B, 0xDA, 0x9F, 0xD6, 0x2F, 0x07, 0x02, 0xF9, 0x4A, 0x0A,
    0x9A, 0xA9, 0xDE, 0xEC, 0xCE, 0x25, 0x9F, 0xEF, 0xA5, 0x2F, 0x48, 0x22,
    0x50, 0x81, 0xD1, 0x96, 0xB5, 0x06, 0x22, 0x10, 0x81, 0x7E, 0xD3, 0x3B,
    0x51, 0xFF, 0xAA, 0x87, 0x02, 0x65, 0x14, 0x70, 0x46, 0xA0, 0x3B, 0x3A,
    0xA1, 0x0E, 0x44, 0xBF, 0xFC, 0x6D, 0x70, 0x3F, 0x85, 0xAA, 0x40, 0x09,
    0x83, 0xA4, 0x02, 0x1A, 0x08, 0x60, 0x70, 0x1A, 0x70, 0x85, 0xE6, 0xEA,
    0x57, 0x08, 0xE9, 0x45, 0xAD, 0x7F, 0x07, 0x10, 0x81, 0x08, 0x7B, 0x18,
    0x23, 0xA2, 0x15, 0x15, 0x87, 0x0D, 0xC2, 0xDF, 0xF5, 0x06, 0x87, 0x00,
    0x42, 0x25, 0xEA, 0x8B, 0x3D, 0x12, 0x01, 0x0F, 0x8C, 0x16, 0x01, 0x09,
    0xD8, 0x42, 0x41, 0x52, 0x00, 0x06, 0x1E, 0xA0, 0xD6, 0xC6, 0xC1, 0x19,
    0x00, 0x0A, 0x3A, 0xBC, 0x63, 0x1E, 0xFF, 0x94, 0xB2, 0x00, 0x98, 0xAF,
    0x40, 0x78, 0x50, 0xD3, 0xE1, 0x02, 0x53, 0xC7, 0x4D, 0xE6, 0x88, 0x68,
    0x29, 0x6B, 0x80, 0xF9, 0x62, 0x00, 0x03, 0x3D, 0xE0, 0x41, 0x0E, 0xB2,
    0x3B, 0x80, 0x04, 0x66, 0x39, 0x24, 0x5B, 0x16, 0x4E, 0x3E, 0xA5, 0xFC,
    0xDA, 0x7B, 0x92, 0xF4, 0x63, 0xCC, 0x03, 0x7E, 0xB2, 0x9A, 0x39, 0xC0,
    0x04, 0xA7, 0x19, 0x80, 0x08, 0x31, 0xC0, 0x6D, 0x00, 0x10, 0xA0, 0x00,
    0x03, 0x30, 0x01, 0xCE, 0x71, 0x06, 0x2A, 0x94, 0x11, 0x02, 0x20, 0x97,
    0xCE, 0x85, 0xA5, 0x80, 0x46, 0xF3, 0xFC, 0xF2, 0xCA, 0x01, 0x0E, 0x38,
    0x0D, 0x40, 0xE7, 0x21, 0x12, 0x91, 0xFA, 0x8C, 0xE5, 0x44, 0x6B, 0x24,
    0xCD, 0x83, 0xB6, 0x34, 0x4C, 0x30, 0x3D, 0xE7, 0x84, 0xE0, 0xF2, 0x96,
    0x9A, 0x16, 0x49, 0x8C, 0xD3, 0x03, 0xD5, 0x50, 0xB3, 0x44, 0x7E, 0x22,
    0xB6, 0x4E, 0xA9, 0x4D, 0xBD, 0x92, 0x16, 0xA7, 0x5A, 0x38, 0xAB, 0x66,
    0x75, 0x4A, 0x50, 0x4D, 0xEA, 0xF0, 0x04, 0x04, 0x00, 0x3B,
};

extern const size_t triceratops_gif_data_size = sizeof(triceratops_gif_data);